reviewer_id,employee,score,review_text,timestamp,history_count,baseline_status,reviewer_historical_mean,reviewer_historical_stddev,score_z,score_percentile,anomaly_threshold_abs_z,calibration_status,calibration_method,flag,sentiment_status,sentiment_label,sentiment_positive,sentiment_negative,sentiment_neutral,sentiment_mixed,positive_hits,negative_hits,positive_themes,negative_themes,reason
r_avg,maria,8,"Fantastic help, I was impressed with how thorough he was.",2026-03-01T11:35:00,33,sufficient_history,6.76,1.58,0.79,60.6,2.0,consistent_with_reviewer_history,point_in_time,False,available,strongly_positive,,,,,3,0,,,"The score is consistent with this reviewer's established scoring pattern (mean 6.76, std 1.58, z=0.79, percentile 61). The written feedback was classified as strongly_positive; sentiment was not used to determine the anomaly."
r_avg,maria,9,"Fantastic help, I was impressed with how thorough he was.",2026-02-08T19:15:31,21,sufficient_history,6.48,1.57,1.61,95.2,2.0,consistent_with_reviewer_history,point_in_time,False,available,strongly_positive,,,,,3,0,,,"The score is consistent with this reviewer's established scoring pattern (mean 6.48, std 1.57, z=1.61, percentile 95). The written feedback was classified as strongly_positive; sentiment was not used to determine the anomaly."
r_avg,james,7,"Professional and courteous, but I waited a long time to be seen.",2026-03-19T15:49:40,49,sufficient_history,6.59,1.53,0.27,44.9,2.0,consistent_with_reviewer_history,point_in_time,False,available,mixed,,,,,2,2,professionalism;wait time,professionalism;wait time,"The score is consistent with this reviewer's established scoring pattern (mean 6.59, std 1.53, z=0.27, percentile 45). The written feedback was classified as mixed; sentiment was not used to determine the anomaly."
r_planted,alex,10,"Quick, clear answers. Very satisfied with the support.",2026-01-11T21:55:19,5,insufficient_history,,,,,2.0,insufficient_history,point_in_time,False,available,strongly_positive,,,,,3,0,knowledge;responsiveness,,Insufficient reviewer history (5 < 10): no calibration performed. No inference about this score.
r_zerovar_ok,maria,9,"Excellent service, very professional and efficient.",2026-03-07T01:31:27,7,insufficient_history,,,,,2.0,insufficient_history,point_in_time,False,available,strongly_positive,,,,,3,0,professionalism;responsiveness,,Insufficient reviewer history (7 < 10): no calibration performed. No inference about this score.
r_avg,maria,8,Alex was great and answered all my questions.,2026-01-12T04:45:56,8,insufficient_history,,,,,2.0,insufficient_history,point_in_time,False,available,positive,,,,,2,0,knowledge,,Insufficient reviewer history (8 < 10): no calibration performed. No inference about this score.
r_gen,james,10,Alex was great and answered all my questions.,2026-03-07T09:03:11,46,sufficient_history,9.48,0.51,1.03,52.2,2.0,consistent_with_reviewer_history,point_in_time,False,available,positive,,,,,2,0,knowledge,,"The score is consistent with this reviewer's established scoring pattern (mean 9.48, std 0.51, z=1.03, percentile 52). The written feedback was classified as positive; sentiment was not used to determine the anomaly."
r_avg,james,7,"He was polite, but I had to wait too long and my issue was not resolved.",2026-02-23T19:52:28,29,sufficient_history,6.62,1.61,0.24,44.8,2.0,consistent_with_reviewer_history,point_in_time,False,available,mixed,,,,,2,3,professionalism;resolution;wait time,professionalism;resolution;wait time,"The score is consistent with this reviewer's established scoring pattern (mean 6.62, std 1.61, z=0.24, percentile 45). The written feedback was classified as mixed; sentiment was not used to determine the anomaly."
r_gen,james,9,"Very professional, quick, and helpful.",2026-02-04T08:07:51,29,sufficient_history,9.48,0.51,-0.95,0.0,2.0,consistent_with_reviewer_history,point_in_time,False,available,strongly_positive,,,,,3,0,professionalism;responsiveness,,"The score is consistent with this reviewer's established scoring pattern (mean 9.48, std 0.51, z=-0.95, percentile 0). The written feedback was classified as strongly_positive; sentiment was not used to determine the anomaly."
r_thresh,alex,9,"Fantastic help, I was impressed with how thorough he was.",2026-01-08T10:00:00,7,insufficient_history,,,,,2.0,insufficient_history,point_in_time,False,available,strongly_positive,,,,,3,0,,,Insufficient reviewer history (7 < 10): no calibration performed. No inference about this score.
r_cons,maria,6,"He was polite, but I had to wait too long and my issue was not resolved.",2026-01-24T05:57:51,14,sufficient_history,7.0,0.68,-1.47,0.0,2.0,consistent_with_reviewer_history,point_in_time,False,available,mixed,,,,,2,3,professionalism;resolution;wait time,professionalism;resolution;wait time,"The score is consistent with this reviewer's established scoring pattern (mean 7.00, std 0.68, z=-1.47, percentile 0). The written feedback was classified as mixed; sentiment was not used to determine the anomaly."
r_avg,maria,8,Everything was handled correctly. Thank you.,2026-03-14T04:50:33,46,sufficient_history,6.59,1.54,0.92,67.4,2.0,consistent_with_reviewer_history,point_in_time,False,available,neutral,,,,,0,0,,,"The score is consistent with this reviewer's established scoring pattern (mean 6.59, std 1.54, z=0.92, percentile 67). The written feedback was classified as neutral; sentiment was not used to determine the anomaly."
r_avg,maria,7,Alex was great and answered all my questions.,2026-03-25T04:19:49,56,sufficient_history,6.54,1.57,0.3,46.4,2.0,consistent_with_reviewer_history,point_in_time,False,available,positive,,,,,2,0,knowledge,,"The score is consistent with this reviewer's established scoring pattern (mean 6.54, std 1.57, z=0.30, percentile 46). The written feedback was classified as positive; sentiment was not used to determine the anomaly."
r_zerovar_ok,alex,9,Everything was handled correctly. Thank you.,2026-02-02T00:29:53,3,insufficient_history,,,,,2.0,insufficient_history,point_in_time,False,available,neutral,,,,,0,0,,,Insufficient reviewer history (3 < 10): no calibration performed. No inference about this score.
r_harsh,maria,5,"He was polite, but I had to wait too long and my issue was not resolved.",2026-01-10T00:49:48,9,insufficient_history,,,,,2.0,insufficient_history,point_in_time,False,available,mixed,,,,,2,3,professionalism;resolution;wait time,professionalism;resolution;wait time,Insufficient reviewer history (9 < 10): no calibration performed. No inference about this score.
r_cons,alex,7,"Professional and courteous, but I waited a long time to be seen.",2026-01-23T08:12:22,13,sufficient_history,7.0,0.71,0.0,23.1,2.0,consistent_with_reviewer_history,point_in_time,False,available,mixed,,,,,2,2,professionalism;wait time,professionalism;wait time,"The score is consistent with this reviewer's established scoring pattern (mean 7.00, std 0.71, z=0.00, percentile 23). The written feedback was classified as mixed; sentiment was not used to determine the anomaly."
r_cons,alex,6,"He was polite, but I had to wait too long and my issue was not resolved.",2026-01-24T18:38:21,15,sufficient_history,6.93,0.7,-1.33,0.0,2.0,consistent_with_reviewer_history,point_in_time,False,available,mixed,,,,,2,3,professionalism;resolution;wait time,professionalism;resolution;wait time,"The score is consistent with this reviewer's established scoring pattern (mean 6.93, std 0.70, z=-1.33, percentile 0). The written feedback was classified as mixed; sentiment was not used to determine the anomaly."
r_zerovar_ok,maria,9,"Quick, clear answers. Very satisfied with the support.",2026-03-22T02:13:10,10,zero_variance_baseline,9.0,0.0,,0.0,2.0,consistent_with_reviewer_history,point_in_time,False,available,strongly_positive,,,,,3,0,knowledge;responsiveness,,Reviewer has a constant historical pattern (all 10 prior scores = 9); this score matches it. z-score undefined (zero variance).
r_zerovar,alex,9,James resolved my issue quickly and explained everything clearly.,2026-01-28T23:22:35,8,insufficient_history,,,,,2.0,insufficient_history,point_in_time,False,available,positive,,,,,1,0,knowledge;resolution;responsiveness,,Insufficient reviewer history (8 < 10): no calibration performed. No inference about this score.
r_gen,james,9,"Fantastic help, I was impressed with how thorough he was.",2026-01-14T14:38:54,9,insufficient_history,,,,,2.0,insufficient_history,point_in_time,False,available,strongly_positive,,,,,3,0,,,Insufficient reviewer history (9 < 10): no calibration performed. No inference about this score.
r_cons,alex,7,Everything was handled correctly. Thank you.,2026-02-19T11:16:56,30,sufficient_history,7.03,0.72,-0.05,23.3,2.0,consistent_with_reviewer_history,point_in_time,False,available,neutral,,,,,0,0,,,"The score is consistent with this reviewer's established scoring pattern (mean 7.03, std 0.72, z=-0.05, percentile 23). The written feedback was classified as neutral; sentiment was not used to determine the anomaly."
r_same,james,9,Alex was great and answered all my questions.,2026-01-27T19:25:10,9,insufficient_history,,,,,2.0,insufficient_history,point_in_time,False,available,positive,,,,,2,0,knowledge,,Insufficient reviewer history (9 < 10): no calibration performed. No inference about this score.
r_cons,alex,8,Alex was great and answered all my questions.,2026-01-07T21:25:33,5,insufficient_history,,,,,2.0,insufficient_history,point_in_time,False,available,positive,,,,,2,0,knowledge,,Insufficient reviewer history (5 < 10): no calibration performed. No inference about this score.
r_avg,james,5,"Professional and courteous, but I waited a long time to be seen.",2026-01-22T19:27:02,15,sufficient_history,6.67,1.63,-1.02,13.3,2.0,consistent_with_reviewer_history,point_in_time,False,available,mixed,,,,,2,2,professionalism;wait time,professionalism;wait time,"The score is consistent with this reviewer's established scoring pattern (mean 6.67, std 1.63, z=-1.02, percentile 13). The written feedback was classified as mixed; sentiment was not used to determine the anomaly."
r_gen,maria,10,"Very professional, quick, and helpful.",2026-01-01T21:42:23,0,insufficient_history,,,,,2.0,insufficient_history,point_in_time,False,available,strongly_positive,,,,,3,0,professionalism;responsiveness,,Insufficient reviewer history (0 < 10): no calibration performed. No inference about this score.
r_zerovar,james,9,Alex was great and answered all my questions.,2026-01-21T23:20:59,4,insufficient_history,,,,,2.0,insufficient_history,point_in_time,False,available,positive,,,,,2,0,knowledge,,Insufficient reviewer history (4 < 10): no calibration performed. No inference about this score.
r_harsh,alex,6,Quick to answer but my problem is still unresolved.,2026-03-09T21:52:17,47,sufficient_history,4.64,1.13,1.2,72.3,2.0,consistent_with_reviewer_history,point_in_time,False,available,mixed,,,,,1,1,resolution;responsiveness,resolution;responsiveness,"The score is consistent with this reviewer's established scoring pattern (mean 4.64, std 1.13, z=1.20, percentile 72). The written feedback was classified as mixed; sentiment was not used to determine the anomaly."
r_gen,alex,10,James resolved my issue quickly and explained everything clearly.,2026-02-08T10:14:52,32,sufficient_history,9.47,0.51,1.05,53.1,2.0,consistent_with_reviewer_history,point_in_time,False,available,positive,,,,,1,0,knowledge;resolution;responsiveness,,"The score is consistent with this reviewer's established scoring pattern (mean 9.47, std 0.51, z=1.05, percentile 53). The written feedback was classified as positive; sentiment was not used to determine the anomaly."
r_gen,james,9,"Maria was friendly, patient, and knowledgeable.",2026-02-19T02:47:48,37,sufficient_history,9.49,0.51,-0.96,0.0,2.0,consistent_with_reviewer_history,point_in_time,False,available,strongly_positive,,,,,3,0,knowledge;professionalism,,"The score is consistent with this reviewer's established scoring pattern (mean 9.49, std 0.51, z=-0.96, percentile 0). The written feedback was classified as strongly_positive; sentiment was not used to determine the anomaly."
r_harsh,james,6,Friendly service but the wait was frustrating.,2026-01-02T05:28:53,0,insufficient_history,,,,,2.0,insufficient_history,point_in_time,False,available,mixed,,,,,1,2,professionalism;wait time,professionalism;wait time,Insufficient reviewer history (0 < 10): no calibration performed. No inference about this score.
r_gen,alex,9,"Wonderful experience, he was helpful and friendly throughout.",2026-01-07T14:21:37,4,insufficient_history,,,,,2.0,insufficient_history,point_in_time,False,available,strongly_positive,,,,,3,0,professionalism,,Insufficient reviewer history (4 < 10): no calibration performed. No inference about this score.
r_harsh,james,6,"He was polite, but I had to wait too long and my issue was not resolved.",2026-02-23T23:05:13,37,sufficient_history,4.62,1.14,1.21,73.0,2.0,consistent_with_reviewer_history,point_in_time,False,available,mixed,,,,,2,3,professionalism;resolution;wait time,professionalism;resolution;wait time,"The score is consistent with this reviewer's established scoring pattern (mean 4.62, std 1.14, z=1.21, percentile 73). The written feedback was classified as mixed; sentiment was not used to determine the anomaly."
r_harsh,maria,6,Quick to answer but my problem is still unresolved.,2026-02-12T06:57:43,31,sufficient_history,4.61,1.17,1.18,71.0,2.0,consistent_with_reviewer_history,point_in_time,False,available,mixed,,,,,1,1,resolution;responsiveness,resolution;responsiveness,"The score is consistent with this reviewer's established scoring pattern (mean 4.61, std 1.17, z=1.18, percentile 71). The written feedback was classified as mixed; sentiment was not used to determine the anomaly."
r_avg,james,6,"She was helpful, though the process was confusing at first.",2026-02-01T16:03:40,18,sufficient_history,6.67,1.57,-0.42,27.8,2.0,consistent_with_reviewer_history,point_in_time,False,available,mixed,,,,,1,1,knowledge,knowledge,"The score is consistent with this reviewer's established scoring pattern (mean 6.67, std 1.57, z=-0.42, percentile 28). The written feedback was classified as mixed; sentiment was not used to determine the anomaly."
r_same,james,9,Everything was handled correctly. Thank you.,2026-01-25T04:38:58,7,insufficient_history,,,,,2.0,insufficient_history,point_in_time,False,available,neutral,,,,,0,0,,,Insufficient reviewer history (7 < 10): no calibration performed. No inference about this score.
r_planted,james,10,"Wonderful experience, he was helpful and friendly throughout.",2026-01-23T19:29:15,9,insufficient_history,,,,,2.0,insufficient_history,point_in_time,False,available,strongly_positive,,,,,3,0,professionalism,,Insufficient reviewer history (9 < 10): no calibration performed. No inference about this score.
r_gen,james,9,"Very professional, quick, and helpful.",2026-02-07T03:23:12,31,sufficient_history,9.48,0.51,-0.95,0.0,2.0,consistent_with_reviewer_history,point_in_time,False,available,strongly_positive,,,,,3,0,professionalism;responsiveness,,"The score is consistent with this reviewer's established scoring pattern (mean 9.48, std 0.51, z=-0.95, percentile 0). The written feedback was classified as strongly_positive; sentiment was not used to determine the anomaly."
r_thresh,alex,9,Alex was great and answered all my questions.,2026-01-02T10:00:00,1,insufficient_history,,,,,2.0,insufficient_history,point_in_time,False,available,positive,,,,,2,0,knowledge,,Insufficient reviewer history (1 < 10): no calibration performed. No inference about this score.
r_harsh,alex,5,"The service was fine, nothing special.",2026-01-07T15:53:32,3,insufficient_history,,,,,2.0,insufficient_history,point_in_time,False,available,neutral,,,,,0,0,,,Insufficient reviewer history (3 < 10): no calibration performed. No inference about this score.
r_cons,maria,7,"Professional and courteous, but I waited a long time to be seen.",2026-03-26T16:54:58,58,sufficient_history,7.03,0.7,-0.05,22.4,2.0,consistent_with_reviewer_history,point_in_time,False,available,mixed,,,,,2,2,professionalism;wait time,professionalism;wait time,"The score is consistent with this reviewer's established scoring pattern (mean 7.03, std 0.70, z=-0.05, percentile 22). The written feedback was classified as mixed; sentiment was not used to determine the anomaly."
r_planted,alex,9,James resolved my issue quickly and explained everything clearly.,2026-01-29T21:16:35,11,sufficient_history,9.55,0.52,-1.04,0.0,2.0,consistent_with_reviewer_history,point_in_time,False,available,positive,,,,,1,0,knowledge;resolution;responsiveness,,"The score is consistent with this reviewer's established scoring pattern (mean 9.55, std 0.52, z=-1.04, percentile 0). The written feedback was classified as positive; sentiment was not used to determine the anomaly."
r_gen,alex,10,Alex was great and answered all my questions.,2026-01-30T22:17:38,27,sufficient_history,9.44,0.51,1.1,55.6,2.0,consistent_with_reviewer_history,point_in_time,False,available,positive,,,,,2,0,knowledge,,"The score is consistent with this reviewer's established scoring pattern (mean 9.44, std 0.51, z=1.10, percentile 56). The written feedback was classified as positive; sentiment was not used to determine the anomaly."
r_harsh,james,5,Called about my account balance.,2026-01-27T07:16:51,22,sufficient_history,4.55,1.26,0.36,45.5,2.0,consistent_with_reviewer_history,point_in_time,False,available,neutral,,,,,0,0,,,"The score is consistent with this reviewer's established scoring pattern (mean 4.55, std 1.26, z=0.36, percentile 45). The written feedback was classified as neutral; sentiment was not used to determine the anomaly."
r_gen,alex,10,Everything was handled correctly. Thank you.,2026-02-06T19:04:16,30,sufficient_history,9.47,0.51,1.05,53.3,2.0,consistent_with_reviewer_history,point_in_time,False,available,neutral,,,,,0,0,,,"The score is consistent with this reviewer's established scoring pattern (mean 9.47, std 0.51, z=1.05, percentile 53). The written feedback was classified as neutral; sentiment was not used to determine the anomaly."
r_avg,james,5,Quick to answer but my problem is still unresolved.,2026-01-07T05:39:50,5,insufficient_history,,,,,2.0,insufficient_history,point_in_time,False,available,mixed,,,,,1,1,resolution;responsiveness,resolution;responsiveness,Insufficient reviewer history (5 < 10): no calibration performed. No inference about this score.
r_gen,james,10,"Fantastic help, I was impressed with how thorough he was.",2026-01-25T09:09:17,20,sufficient_history,9.45,0.51,1.08,55.0,2.0,consistent_with_reviewer_history,point_in_time,False,available,strongly_positive,,,,,3,0,,,"The score is consistent with this reviewer's established scoring pattern (mean 9.45, std 0.51, z=1.08, percentile 55). The written feedback was classified as strongly_positive; sentiment was not used to determine the anomaly."
r_same,alex,9,"Fantastic help, I was impressed with how thorough he was.",2026-01-06T16:51:28,0,insufficient_history,,,,,2.0,insufficient_history,point_in_time,False,available,strongly_positive,,,,,3,0,,,Insufficient reviewer history (0 < 10): no calibration performed. No inference about this score.
r_cons,maria,8,"He was polite, but I had to wait too long and my issue was not resolved.",2026-02-14T13:12:08,28,sufficient_history,7.04,0.69,1.39,75.0,2.0,consistent_with_reviewer_history,point_in_time,False,available,mixed,,,,,2,3,professionalism;resolution;wait time,professionalism;resolution;wait time,"The score is consistent with this reviewer's established scoring pattern (mean 7.04, std 0.69, z=1.39, percentile 75). The written feedback was classified as mixed; sentiment was not used to determine the anomaly."
r_cons,maria,6,"Very professional, quick, and helpful.",2026-02-19T22:04:14,31,sufficient_history,7.03,0.71,-1.46,0.0,2.0,consistent_with_reviewer_history,point_in_time,False,available,strongly_positive,,,,,3,0,professionalism;responsiveness,,"The score is consistent with this reviewer's established scoring pattern (mean 7.03, std 0.71, z=-1.46, percentile 0). The written feedback was classified as strongly_positive; sentiment was not used to determine the anomaly."
r_harsh,maria,5,"She was helpful, though the process was confusing at first.",2026-02-28T19:49:56,41,sufficient_history,4.63,1.11,0.33,41.5,2.0,consistent_with_reviewer_history,point_in_time,False,available,mixed,,,,,1,1,knowledge,knowledge,"The score is consistent with this reviewer's established scoring pattern (mean 4.63, std 1.11, z=0.33, percentile 41). The written feedback was classified as mixed; sentiment was not used to determine the anomaly."
r_gen,james,9,"Fantastic help, I was impressed with how thorough he was.",2026-02-18T19:43:34,36,sufficient_history,9.5,0.51,-0.99,0.0,2.0,consistent_with_reviewer_history,point_in_time,False,available,strongly_positive,,,,,3,0,,,"The score is consistent with this reviewer's established scoring pattern (mean 9.50, std 0.51, z=-0.99, percentile 0). The written feedback was classified as strongly_positive; sentiment was not used to determine the anomaly."
r_harsh,maria,3,"Worst service ever. Long wait, confusing answers, nothing resolved.",2026-01-18T15:43:03,17,sufficient_history,4.71,1.21,-1.41,0.0,2.0,consistent_with_reviewer_history,point_in_time,False,available,mixed,,,,,1,4,knowledge;resolution;wait time,knowledge;resolution;wait time,"The score is consistent with this reviewer's established scoring pattern (mean 4.71, std 1.21, z=-1.41, percentile 0). The written feedback was classified as mixed; sentiment was not used to determine the anomaly."
r_avg,james,9,"Excellent service, very professional and efficient.",2026-01-10T01:36:28,7,insufficient_history,,,,,2.0,insufficient_history,point_in_time,False,available,strongly_positive,,,,,3,0,professionalism;responsiveness,,Insufficient reviewer history (7 < 10): no calibration performed. No inference about this score.
r_harsh,james,6,"She was helpful, though the process was confusing at first.",2026-02-02T15:51:39,26,sufficient_history,4.58,1.17,1.21,73.1,2.0,consistent_with_reviewer_history,point_in_time,False,available,mixed,,,,,1,1,knowledge,knowledge,"The score is consistent with this reviewer's established scoring pattern (mean 4.58, std 1.17, z=1.21, percentile 73). The written feedback was classified as mixed; sentiment was not used to determine the anomaly."
r_avg,alex,5,"Terrible experience, rude and completely unhelpful.",2026-03-06T13:23:52,40,sufficient_history,6.65,1.55,-1.07,12.5,2.0,consistent_with_reviewer_history,point_in_time,False,available,negative,,,,,0,2,,professionalism,"The score is consistent with this reviewer's established scoring pattern (mean 6.65, std 1.55, z=-1.07, percentile 12). The written feedback was classified as negative; sentiment was not used to determine the anomaly."
r_avg,maria,5,Spoke with a representative about a form.,2026-03-24T12:01:56,54,sufficient_history,6.57,1.59,-0.99,13.0,2.0,consistent_with_reviewer_history,point_in_time,False,available,neutral,,,,,0,0,,,"The score is consistent with this reviewer's established scoring pattern (mean 6.57, std 1.59, z=-0.99, percentile 13). The written feedback was classified as neutral; sentiment was not used to determine the anomaly."
r_avg,alex,8,James resolved my issue quickly and explained everything clearly.,2026-01-05T07:25:41,3,insufficient_history,,,,,2.0,insufficient_history,point_in_time,False,available,positive,,,,,1,0,knowledge;resolution;responsiveness,,Insufficient reviewer history (3 < 10): no calibration performed. No inference about this score.
r_harsh,maria,4,Quick to answer but my problem is still unresolved.,2026-02-05T00:54:49,28,sufficient_history,4.57,1.2,-0.48,28.6,2.0,consistent_with_reviewer_history,point_in_time,False,available,mixed,,,,,1,1,resolution;responsiveness,resolution;responsiveness,"The score is consistent with this reviewer's established scoring pattern (mean 4.57, std 1.20, z=-0.48, percentile 29). The written feedback was classified as mixed; sentiment was not used to determine the anomaly."
r_harsh,alex,6,"Professional and courteous, but I waited a long time to be seen.",2026-02-06T22:20:42,29,sufficient_history,4.55,1.18,1.22,72.4,2.0,consistent_with_reviewer_history,point_in_time,False,available,mixed,,,,,2,2,professionalism;wait time,professionalism;wait time,"The score is consistent with this reviewer's established scoring pattern (mean 4.55, std 1.18, z=1.22, percentile 72). The written feedback was classified as mixed; sentiment was not used to determine the anomaly."
r_cons,maria,7,"He was polite, but I had to wait too long and my issue was not resolved.",2026-03-20T14:06:34,54,sufficient_history,7.02,0.71,-0.03,24.1,2.0,consistent_with_reviewer_history,point_in_time,False,available,mixed,,,,,2,3,professionalism;resolution;wait time,professionalism;resolution;wait time,"The score is consistent with this reviewer's established scoring pattern (mean 7.02, std 0.71, z=-0.03, percentile 24). The written feedback was classified as mixed; sentiment was not used to determine the anomaly."
r_harsh,alex,4,"Professional and courteous, but I waited a long time to be seen.",2026-03-27T14:20:58,59,sufficient_history,4.69,1.07,-0.65,18.6,2.0,consistent_with_reviewer_history,point_in_time,False,available,mixed,,,,,2,2,professionalism;wait time,professionalism;wait time,"The score is consistent with this reviewer's established scoring pattern (mean 4.69, std 1.07, z=-0.65, percentile 19). The written feedback was classified as mixed; sentiment was not used to determine the anomaly."
r_cons,alex,8,Alex was great and answered all my questions.,2026-03-25T14:30:54,56,sufficient_history,7.02,0.7,1.4,75.0,2.0,consistent_with_reviewer_history,point_in_time,False,available,positive,,,,,2,0,knowledge,,"The score is consistent with this reviewer's established scoring pattern (mean 7.02, std 0.70, z=1.40, percentile 75). The written feedback was classified as positive; sentiment was not used to determine the anomaly."
r_thresh,alex,9,James resolved my issue quickly and explained everything clearly.,2026-01-11T10:00:00,10,zero_variance_baseline,9.0,0.0,,0.0,2.0,consistent_with_reviewer_history,point_in_time,False,available,positive,,,,,1,0,knowledge;resolution;responsiveness,,Reviewer has a constant historical pattern (all 10 prior scores = 9); this score matches it. z-score undefined (zero variance).
r_cons,james,7,Alex was great and answered all my questions.,2026-02-24T11:47:44,37,sufficient_history,7.03,0.73,-0.04,24.3,2.0,consistent_with_reviewer_history,point_in_time,False,available,positive,,,,,2,0,knowledge,,"The score is consistent with this reviewer's established scoring pattern (mean 7.03, std 0.73, z=-0.04, percentile 24). The written feedback was classified as positive; sentiment was not used to determine the anomaly."
r_thresh,alex,9,"Maria was friendly, patient, and knowledgeable.",2026-01-03T10:00:00,2,insufficient_history,,,,,2.0,insufficient_history,point_in_time,False,available,strongly_positive,,,,,3,0,knowledge;professionalism,,Insufficient reviewer history (2 < 10): no calibration performed. No inference about this score.
r_harsh,james,4,Called about my account balance.,2026-01-10T23:02:47,12,sufficient_history,4.83,1.27,-0.66,25.0,2.0,consistent_with_reviewer_history,point_in_time,False,available,neutral,,,,,0,0,,,"The score is consistent with this reviewer's established scoring pattern (mean 4.83, std 1.27, z=-0.66, percentile 25). The written feedback was classified as neutral; sentiment was not used to determine the anomaly."
r_same,james,9,Everything was handled correctly. Thank you.,2026-01-14T23:34:41,4,insufficient_history,,,,,2.0,insufficient_history,point_in_time,False,available,neutral,,,,,0,0,,,Insufficient reviewer history (4 < 10): no calibration performed. No inference about this score.
r_cons,maria,7,"Professional and courteous, but I waited a long time to be seen.",2026-02-13T20:02:20,26,sufficient_history,7.04,0.72,-0.05,23.1,2.0,consistent_with_reviewer_history,point_in_time,False,available,mixed,,,,,2,2,professionalism;wait time,professionalism;wait time,"The score is consistent with this reviewer's established scoring pattern (mean 7.04, std 0.72, z=-0.05, percentile 23). The written feedback was classified as mixed; sentiment was not used to determine the anomaly."
r_cons,maria,7,Everything was handled correctly. Thank you.,2026-02-14T01:15:10,27,sufficient_history,7.04,0.71,-0.05,22.2,2.0,consistent_with_reviewer_history,point_in_time,False,available,neutral,,,,,0,0,,,"The score is consistent with this reviewer's established scoring pattern (mean 7.04, std 0.71, z=-0.05, percentile 22). The written feedback was classified as neutral; sentiment was not used to determine the anomaly."
r_avg,maria,9,Everything was handled correctly. Thank you.,2026-03-26T03:54:36,57,sufficient_history,6.54,1.56,1.58,89.5,2.0,consistent_with_reviewer_history,point_in_time,False,available,neutral,,,,,0,0,,,"The score is consistent with this reviewer's established scoring pattern (mean 6.54, std 1.56, z=1.58, percentile 89). The written feedback was classified as neutral; sentiment was not used to determine the anomaly."
r_avg,james,6,Friendly service but the wait was frustrating.,2026-03-06T09:48:17,37,sufficient_history,6.76,1.53,-0.49,24.3,2.0,consistent_with_reviewer_history,point_in_time,False,available,mixed,,,,,1,2,professionalism;wait time,professionalism;wait time,"The score is consistent with this reviewer's established scoring pattern (mean 6.76, std 1.53, z=-0.49, percentile 24). The written feedback was classified as mixed; sentiment was not used to determine the anomaly."
r_avg,maria,4,"She was helpful, though the process was confusing at first.",2026-03-19T19:26:09,50,sufficient_history,6.6,1.51,-1.72,0.0,2.0,consistent_with_reviewer_history,point_in_time,False,available,mixed,,,,,1,1,knowledge,knowledge,"The score is consistent with this reviewer's established scoring pattern (mean 6.60, std 1.51, z=-1.72, percentile 0). The written feedback was classified as mixed; sentiment was not used to determine the anomaly."
r_thresh,alex,9,Alex was great and answered all my questions.,2026-01-09T10:00:00,8,insufficient_history,,,,,2.0,insufficient_history,point_in_time,False,available,positive,,,,,2,0,knowledge,,Insufficient reviewer history (8 < 10): no calibration performed. No inference about this score.
r_avg,james,5,Visited the branch on Tuesday.,2026-02-15T02:28:46,22,sufficient_history,6.59,1.62,-0.98,13.6,2.0,consistent_with_reviewer_history,point_in_time,False,available,neutral,,,,,0,0,,,"The score is consistent with this reviewer's established scoring pattern (mean 6.59, std 1.62, z=-0.98, percentile 14). The written feedback was classified as neutral; sentiment was not used to determine the anomaly."
r_cons,alex,6,"Very professional, quick, and helpful.",2026-01-22T05:27:48,12,sufficient_history,7.08,0.67,-1.62,0.0,2.0,consistent_with_reviewer_history,point_in_time,False,available,strongly_positive,,,,,3,0,professionalism;responsiveness,,"The score is consistent with this reviewer's established scoring pattern (mean 7.08, std 0.67, z=-1.62, percentile 0). The written feedback was classified as strongly_positive; sentiment was not used to determine the anomaly."
r_avg,james,7,"Professional and courteous, but I waited a long time to be seen.",2026-02-24T06:23:25,30,sufficient_history,6.63,1.59,0.23,43.3,2.0,consistent_with_reviewer_history,point_in_time,False,available,mixed,,,,,2,2,professionalism;wait time,professionalism;wait time,"The score is consistent with this reviewer's established scoring pattern (mean 6.63, std 1.59, z=0.23, percentile 43). The written feedback was classified as mixed; sentiment was not used to determine the anomaly."
r_cons,maria,8,"Wonderful experience, he was helpful and friendly throughout.",2026-02-08T18:40:14,23,sufficient_history,6.96,0.71,1.48,78.3,2.0,consistent_with_reviewer_history,point_in_time,False,available,strongly_positive,,,,,3,0,professionalism,,"The score is consistent with this reviewer's established scoring pattern (mean 6.96, std 0.71, z=1.48, percentile 78). The written feedback was classified as strongly_positive; sentiment was not used to determine the anomaly."
r_cons,james,7,Friendly service but the wait was frustrating.,2026-02-26T01:19:40,39,sufficient_history,7.05,0.72,-0.07,23.1,2.0,consistent_with_reviewer_history,point_in_time,False,available,mixed,,,,,1,2,professionalism;wait time,professionalism;wait time,"The score is consistent with this reviewer's established scoring pattern (mean 7.05, std 0.72, z=-0.07, percentile 23). The written feedback was classified as mixed; sentiment was not used to determine the anomaly."
r_gen,james,9,"Wonderful experience, he was helpful and friendly throughout.",2026-01-04T20:36:17,2,insufficient_history,,,,,2.0,insufficient_history,point_in_time,False,available,strongly_positive,,,,,3,0,professionalism,,Insufficient reviewer history (2 < 10): no calibration performed. No inference about this score.
r_avg,maria,4,"Professional and courteous, but I waited a long time to be seen.",2026-01-21T09:45:40,12,sufficient_history,7.0,1.35,-2.22,0.0,2.0,calibration_anomaly,point_in_time,True,available,mixed,,,,,2,2,professionalism;wait time,professionalism;wait time,"Calibration anomaly: score 4 is unusually low relative to this reviewer's prior pattern (mean 7.00, std 1.35, z=-2.22, percentile 0; project threshold |z| >= 2.0). The written feedback was classified as mixed; sentiment was not used to determine the anomaly. Human review recommended; do not auto-adjust."
r_gen,maria,10,She was courteous and made the whole process easy.,2026-03-09T15:10:33,47,sufficient_history,9.49,0.51,1.01,51.1,2.0,consistent_with_reviewer_history,point_in_time,False,available,positive,,,,,2,0,professionalism,,"The score is consistent with this reviewer's established scoring pattern (mean 9.49, std 0.51, z=1.01, percentile 51). The written feedback was classified as positive; sentiment was not used to determine the anomaly."
r_avg,maria,6,"Very professional, quick, and helpful.",2026-03-06T11:47:09,39,sufficient_history,6.67,1.56,-0.43,25.6,2.0,consistent_with_reviewer_history,point_in_time,False,available,strongly_positive,,,,,3,0,professionalism;responsiveness,,"The score is consistent with this reviewer's established scoring pattern (mean 6.67, std 1.56, z=-0.43, percentile 26). The written feedback was classified as strongly_positive; sentiment was not used to determine the anomaly."
r_cons,alex,8,"Quick, clear answers. Very satisfied with the support.",2026-03-16T08:31:24,51,sufficient_history,7.04,0.69,1.39,74.5,2.0,consistent_with_reviewer_history,point_in_time,False,available,strongly_positive,,,,,3,0,knowledge;responsiveness,,"The score is consistent with this reviewer's established scoring pattern (mean 7.04, std 0.69, z=1.39, percentile 75). The written feedback was classified as strongly_positive; sentiment was not used to determine the anomaly."
r_avg,james,7,Everything was handled correctly. Thank you.,2026-03-05T23:14:00,36,sufficient_history,6.75,1.56,0.16,38.9,2.0,consistent_with_reviewer_history,point_in_time,False,available,neutral,,,,,0,0,,,"The score is consistent with this reviewer's established scoring pattern (mean 6.75, std 1.56, z=0.16, percentile 39). The written feedback was classified as neutral; sentiment was not used to determine the anomaly."
r_cons,maria,7,"Very professional, quick, and helpful.",2026-03-25T01:02:05,55,sufficient_history,7.02,0.71,-0.03,23.6,2.0,consistent_with_reviewer_history,point_in_time,False,available,strongly_positive,,,,,3,0,professionalism;responsiveness,,"The score is consistent with this reviewer's established scoring pattern (mean 7.02, std 0.71, z=-0.03, percentile 24). The written feedback was classified as strongly_positive; sentiment was not used to determine the anomaly."
r_gen,alex,9,"Fantastic help, I was impressed with how thorough he was.",2026-03-20T10:49:41,54,sufficient_history,9.46,0.5,-0.92,0.0,2.0,consistent_with_reviewer_history,point_in_time,False,available,strongly_positive,,,,,3,0,,,"The score is consistent with this reviewer's established scoring pattern (mean 9.46, std 0.50, z=-0.92, percentile 0). The written feedback was classified as strongly_positive; sentiment was not used to determine the anomaly."
r_avg,james,8,"He was polite, but I had to wait too long and my issue was not resolved.",2026-01-20T03:07:30,10,sufficient_history,6.9,1.45,0.76,50.0,2.0,consistent_with_reviewer_history,point_in_time,False,available,mixed,,,,,2,3,professionalism;resolution;wait time,professionalism;resolution;wait time,"The score is consistent with this reviewer's established scoring pattern (mean 6.90, std 1.45, z=0.76, percentile 50). The written feedback was classified as mixed; sentiment was not used to determine the anomaly."
r_same,alex,9,"Wonderful experience, he was helpful and friendly throughout.",2026-01-12T14:48:06,3,insufficient_history,,,,,2.0,insufficient_history,point_in_time,False,available,strongly_positive,,,,,3,0,professionalism,,Insufficient reviewer history (3 < 10): no calibration performed. No inference about this score.
r_gen,james,9,"Quick, clear answers. Very satisfied with the support.",2026-01-30T01:36:10,25,sufficient_history,9.48,0.51,-0.94,0.0,2.0,consistent_with_reviewer_history,point_in_time,False,available,strongly_positive,,,,,3,0,knowledge;responsiveness,,"The score is consistent with this reviewer's established scoring pattern (mean 9.48, std 0.51, z=-0.94, percentile 0). The written feedback was classified as strongly_positive; sentiment was not used to determine the anomaly."
r_harsh,maria,6,Friendly service but the wait was frustrating.,2026-03-24T16:38:07,57,sufficient_history,4.67,1.07,1.24,73.7,2.0,consistent_with_reviewer_history,point_in_time,False,available,mixed,,,,,1,2,professionalism;wait time,professionalism;wait time,"The score is consistent with this reviewer's established scoring pattern (mean 4.67, std 1.07, z=1.24, percentile 74). The written feedback was classified as mixed; sentiment was not used to determine the anomaly."
r_gen,maria,9,"Maria was friendly, patient, and knowledgeable.",2026-01-20T09:02:18,15,sufficient_history,9.33,0.49,-0.68,0.0,2.0,consistent_with_reviewer_history,point_in_time,False,available,strongly_positive,,,,,3,0,knowledge;professionalism,,"The score is consistent with this reviewer's established scoring pattern (mean 9.33, std 0.49, z=-0.68, percentile 0). The written feedback was classified as strongly_positive; sentiment was not used to determine the anomaly."
r_gen,maria,10,"Fantastic help, I was impressed with how thorough he was.",2026-01-21T18:04:02,18,sufficient_history,9.39,0.5,1.22,61.1,2.0,consistent_with_reviewer_history,point_in_time,False,available,strongly_positive,,,,,3,0,,,"The score is consistent with this reviewer's established scoring pattern (mean 9.39, std 0.50, z=1.22, percentile 61). The written feedback was classified as strongly_positive; sentiment was not used to determine the anomaly."
r_harsh,alex,3,"Terrible experience, rude and completely unhelpful.",2026-01-20T08:32:38,20,sufficient_history,4.7,1.22,-1.4,0.0,2.0,consistent_with_reviewer_history,point_in_time,False,available,negative,,,,,0,2,,professionalism,"The score is consistent with this reviewer's established scoring pattern (mean 4.70, std 1.22, z=-1.40, percentile 0). The written feedback was classified as negative; sentiment was not used to determine the anomaly."
r_gen,alex,9,"Very professional, quick, and helpful.",2026-03-27T17:47:13,58,sufficient_history,9.47,0.5,-0.93,0.0,2.0,consistent_with_reviewer_history,point_in_time,False,available,strongly_positive,,,,,3,0,professionalism;responsiveness,,"The score is consistent with this reviewer's established scoring pattern (mean 9.47, std 0.50, z=-0.93, percentile 0). The written feedback was classified as strongly_positive; sentiment was not used to determine the anomaly."
r_gen,maria,9,"Quick, clear answers. Very satisfied with the support.",2026-03-10T07:22:00,48,sufficient_history,9.5,0.51,-0.99,0.0,2.0,consistent_with_reviewer_history,point_in_time,False,available,strongly_positive,,,,,3,0,knowledge;responsiveness,,"The score is consistent with this reviewer's established scoring pattern (mean 9.50, std 0.51, z=-0.99, percentile 0). The written feedback was classified as strongly_positive; sentiment was not used to determine the anomaly."
r_planted,alex,10,"Maria was friendly, patient, and knowledgeable.",2026-01-14T23:39:59,7,insufficient_history,,,,,2.0,insufficient_history,point_in_time,False,available,strongly_positive,,,,,3,0,knowledge;professionalism,,Insufficient reviewer history (7 < 10): no calibration performed. No inference about this score.
r_cons,james,8,James resolved my issue quickly and explained everything clearly.,2026-03-14T12:40:06,47,sufficient_history,7.04,0.69,1.39,74.5,2.0,consistent_with_reviewer_history,point_in_time,False,available,positive,,,,,1,0,knowledge;resolution;responsiveness,,"The score is consistent with this reviewer's established scoring pattern (mean 7.04, std 0.69, z=1.39, percentile 74). The written feedback was classified as positive; sentiment was not used to determine the anomaly."
r_new,alex,9,Alex was great and answered all my questions.,2026-03-05T20:27:35,1,insufficient_history,,,,,2.0,insufficient_history,point_in_time,False,available,positive,,,,,2,0,knowledge,,Insufficient reviewer history (1 < 10): no calibration performed. No inference about this score.
r_zerovar_ok,maria,9,Everything was handled correctly. Thank you.,2026-02-26T19:55:00,6,insufficient_history,,,,,2.0,insufficient_history,point_in_time,False,available,neutral,,,,,0,0,,,Insufficient reviewer history (6 < 10): no calibration performed. No inference about this score.
r_same,maria,9,"Fantastic help, I was impressed with how thorough he was.",2026-03-01T12:00:00,10,zero_variance_baseline,9.0,0.0,,0.0,2.0,consistent_with_reviewer_history,point_in_time,False,available,strongly_positive,,,,,3,0,,,Reviewer has a constant historical pattern (all 10 prior scores = 9); this score matches it. z-score undefined (zero variance).
r_avg,alex,7,Alex was great and answered all my questions.,2026-01-26T06:12:29,17,sufficient_history,6.65,1.62,0.22,47.1,2.0,consistent_with_reviewer_history,point_in_time,False,available,positive,,,,,2,0,knowledge,,"The score is consistent with this reviewer's established scoring pattern (mean 6.65, std 1.62, z=0.22, percentile 47). The written feedback was classified as positive; sentiment was not used to determine the anomaly."
r_harsh,james,6,"He was polite, but I had to wait too long and my issue was not resolved.",2026-03-01T19:10:47,42,sufficient_history,4.64,1.1,1.23,73.8,2.0,consistent_with_reviewer_history,point_in_time,False,available,mixed,,,,,2,3,professionalism;resolution;wait time,professionalism;resolution;wait time,"The score is consistent with this reviewer's established scoring pattern (mean 4.64, std 1.10, z=1.23, percentile 74). The written feedback was classified as mixed; sentiment was not used to determine the anomaly."
r_gen,james,9,James resolved my issue quickly and explained everything clearly.,2026-01-16T16:30:47,12,sufficient_history,9.33,0.49,-0.68,0.0,2.0,consistent_with_reviewer_history,point_in_time,False,available,positive,,,,,1,0,knowledge;resolution;responsiveness,,"The score is consistent with this reviewer's established scoring pattern (mean 9.33, std 0.49, z=-0.68, percentile 0). The written feedback was classified as positive; sentiment was not used to determine the anomaly."
r_harsh,james,6,"Very professional, quick, and helpful.",2026-03-17T12:23:11,53,sufficient_history,4.62,1.1,1.26,73.6,2.0,consistent_with_reviewer_history,point_in_time,False,available,strongly_positive,,,,,3,0,professionalism;responsiveness,,"The score is consistent with this reviewer's established scoring pattern (mean 4.62, std 1.10, z=1.26, percentile 74). The written feedback was classified as strongly_positive; sentiment was not used to determine the anomaly."
r_harsh,maria,4,"The service was fine, nothing special.",2026-01-12T02:32:48,14,sufficient_history,4.64,1.28,-0.5,28.6,2.0,consistent_with_reviewer_history,point_in_time,False,available,neutral,,,,,0,0,,,"The score is consistent with this reviewer's established scoring pattern (mean 4.64, std 1.28, z=-0.50, percentile 29). The written feedback was classified as neutral; sentiment was not used to determine the anomaly."
r_avg,alex,8,She was courteous and made the whole process easy.,2026-03-29T07:59:52,59,sufficient_history,6.54,1.6,0.91,67.8,2.0,consistent_with_reviewer_history,point_in_time,False,available,positive,,,,,2,0,professionalism,,"The score is consistent with this reviewer's established scoring pattern (mean 6.54, std 1.60, z=0.91, percentile 68). The written feedback was classified as positive; sentiment was not used to determine the anomaly."
r_gen,james,10,She was courteous and made the whole process easy.,2026-02-24T11:00:27,40,sufficient_history,9.47,0.51,1.04,52.5,2.0,consistent_with_reviewer_history,point_in_time,False,available,positive,,,,,2,0,professionalism,,"The score is consistent with this reviewer's established scoring pattern (mean 9.47, std 0.51, z=1.04, percentile 52). The written feedback was classified as positive; sentiment was not used to determine the anomaly."
r_harsh,james,3,"Worst service ever. Long wait, confusing answers, nothing resolved.",2026-02-15T13:46:26,33,sufficient_history,4.67,1.16,-1.43,0.0,2.0,consistent_with_reviewer_history,point_in_time,False,available,mixed,,,,,1,4,knowledge;resolution;wait time,knowledge;resolution;wait time,"The score is consistent with this reviewer's established scoring pattern (mean 4.67, std 1.16, z=-1.43, percentile 0). The written feedback was classified as mixed; sentiment was not used to determine the anomaly."
r_harsh,james,4,"Terrible experience, rude and completely unhelpful.",2026-02-17T10:28:08,35,sufficient_history,4.63,1.17,-0.54,25.7,2.0,consistent_with_reviewer_history,point_in_time,False,available,negative,,,,,0,2,,professionalism,"The score is consistent with this reviewer's established scoring pattern (mean 4.63, std 1.17, z=-0.54, percentile 26). The written feedback was classified as negative; sentiment was not used to determine the anomaly."
r_cons,alex,6,Everything was handled correctly. Thank you.,2026-03-18T21:40:43,52,sufficient_history,7.06,0.7,-1.52,0.0,2.0,consistent_with_reviewer_history,point_in_time,False,available,neutral,,,,,0,0,,,"The score is consistent with this reviewer's established scoring pattern (mean 7.06, std 0.70, z=-1.52, percentile 0). The written feedback was classified as neutral; sentiment was not used to determine the anomaly."
r_cons,maria,8,James resolved my issue quickly and explained everything clearly.,2026-03-04T03:18:27,43,sufficient_history,7.02,0.71,1.38,74.4,2.0,consistent_with_reviewer_history,point_in_time,False,available,positive,,,,,1,0,knowledge;resolution;responsiveness,,"The score is consistent with this reviewer's established scoring pattern (mean 7.02, std 0.71, z=1.38, percentile 74). The written feedback was classified as positive; sentiment was not used to determine the anomaly."
r_gen,james,10,"Quick, clear answers. Very satisfied with the support.",2026-01-15T09:05:00,10,sufficient_history,9.3,0.48,1.45,70.0,2.0,consistent_with_reviewer_history,point_in_time,False,available,strongly_positive,,,,,3,0,knowledge;responsiveness,,"The score is consistent with this reviewer's established scoring pattern (mean 9.30, std 0.48, z=1.45, percentile 70). The written feedback was classified as strongly_positive; sentiment was not used to determine the anomaly."
r_cons,james,8,"Fantastic help, I was impressed with how thorough he was.",2026-02-21T08:55:32,32,sufficient_history,7.0,0.72,1.39,75.0,2.0,consistent_with_reviewer_history,point_in_time,False,available,strongly_positive,,,,,3,0,,,"The score is consistent with this reviewer's established scoring pattern (mean 7.00, std 0.72, z=1.39, percentile 75). The written feedback was classified as strongly_positive; sentiment was not used to determine the anomaly."
r_harsh,james,6,Alex was great and answered all my questions.,2026-01-15T17:32:58,16,sufficient_history,4.62,1.2,1.14,68.8,2.0,consistent_with_reviewer_history,point_in_time,False,available,positive,,,,,2,0,knowledge,,"The score is consistent with this reviewer's established scoring pattern (mean 4.62, std 1.20, z=1.14, percentile 69). The written feedback was classified as positive; sentiment was not used to determine the anomaly."
r_thresh,alex,9,"Fantastic help, I was impressed with how thorough he was.",2026-01-07T10:00:00,6,insufficient_history,,,,,2.0,insufficient_history,point_in_time,False,available,strongly_positive,,,,,3,0,,,Insufficient reviewer history (6 < 10): no calibration performed. No inference about this score.
r_harsh,maria,4,"The service was fine, nothing special.",2026-02-26T11:07:21,40,sufficient_history,4.65,1.12,-0.58,22.5,2.0,consistent_with_reviewer_history,point_in_time,False,available,neutral,,,,,0,0,,,"The score is consistent with this reviewer's established scoring pattern (mean 4.65, std 1.12, z=-0.58, percentile 22). The written feedback was classified as neutral; sentiment was not used to determine the anomaly."
r_avg,james,4,"Professional and courteous, but I waited a long time to be seen.",2026-02-19T05:40:51,24,sufficient_history,6.54,1.59,-1.6,0.0,2.0,consistent_with_reviewer_history,point_in_time,False,available,mixed,,,,,2,2,professionalism;wait time,professionalism;wait time,"The score is consistent with this reviewer's established scoring pattern (mean 6.54, std 1.59, z=-1.60, percentile 0). The written feedback was classified as mixed; sentiment was not used to determine the anomaly."
r_same,james,9,James resolved my issue quickly and explained everything clearly.,2026-01-21T04:04:52,6,insufficient_history,,,,,2.0,insufficient_history,point_in_time,False,available,positive,,,,,1,0,knowledge;resolution;responsiveness,,Insufficient reviewer history (6 < 10): no calibration performed. No inference about this score.
r_gen,alex,9,"He was polite, but I had to wait too long and my issue was not resolved.",2026-02-11T03:00:11,34,sufficient_history,9.5,0.51,-0.99,0.0,2.0,consistent_with_reviewer_history,point_in_time,False,available,mixed,,,,,2,3,professionalism;resolution;wait time,professionalism;resolution;wait time,"The score is consistent with this reviewer's established scoring pattern (mean 9.50, std 0.51, z=-0.99, percentile 0). The written feedback was classified as mixed; sentiment was not used to determine the anomaly."
r_cons,alex,7,"She was helpful, though the process was confusing at first.",2026-01-27T23:43:31,17,sufficient_history,6.88,0.7,0.17,29.4,2.0,consistent_with_reviewer_history,point_in_time,False,available,mixed,,,,,1,1,knowledge,knowledge,"The score is consistent with this reviewer's established scoring pattern (mean 6.88, std 0.70, z=0.17, percentile 29). The written feedback was classified as mixed; sentiment was not used to determine the anomaly."
r_zerovar_ok,james,9,Alex was great and answered all my questions.,2026-02-14T03:49:16,5,insufficient_history,,,,,2.0,insufficient_history,point_in_time,False,available,positive,,,,,2,0,knowledge,,Insufficient reviewer history (5 < 10): no calibration performed. No inference about this score.
r_zerovar_ok,james,9,She was courteous and made the whole process easy.,2026-03-20T23:44:46,9,insufficient_history,,,,,2.0,insufficient_history,point_in_time,False,available,positive,,,,,2,0,professionalism,,Insufficient reviewer history (9 < 10): no calibration performed. No inference about this score.
r_cons,alex,6,"Maria was friendly, patient, and knowledgeable.",2026-01-07T05:11:28,3,insufficient_history,,,,,2.0,insufficient_history,point_in_time,False,available,strongly_positive,,,,,3,0,knowledge;professionalism,,Insufficient reviewer history (3 < 10): no calibration performed. No inference about this score.
r_harsh,maria,5,Friendly service but the wait was frustrating.,2026-02-12T02:10:57,30,sufficient_history,4.6,1.19,0.34,43.3,2.0,consistent_with_reviewer_history,point_in_time,False,available,mixed,,,,,1,2,professionalism;wait time,professionalism;wait time,"The score is consistent with this reviewer's established scoring pattern (mean 4.60, std 1.19, z=0.34, percentile 43). The written feedback was classified as mixed; sentiment was not used to determine the anomaly."
r_cons,james,7,"Professional and courteous, but I waited a long time to be seen.",2026-03-01T03:00:12,41,sufficient_history,7.02,0.72,-0.03,24.4,2.0,consistent_with_reviewer_history,point_in_time,False,available,mixed,,,,,2,2,professionalism;wait time,professionalism;wait time,"The score is consistent with this reviewer's established scoring pattern (mean 7.02, std 0.72, z=-0.03, percentile 24). The written feedback was classified as mixed; sentiment was not used to determine the anomaly."
r_zerovar_ok,maria,9,"Excellent service, very professional and efficient.",2026-02-09T15:31:12,4,insufficient_history,,,,,2.0,insufficient_history,point_in_time,False,available,strongly_positive,,,,,3,0,professionalism;responsiveness,,Insufficient reviewer history (4 < 10): no calibration performed. No inference about this score.
r_harsh,maria,5,I still cannot access my account and nobody called me back.,2026-01-18T21:35:54,18,sufficient_history,4.61,1.24,0.31,44.4,2.0,consistent_with_reviewer_history,point_in_time,False,available,negative,,,,,0,2,,resolution;responsiveness,"The score is consistent with this reviewer's established scoring pattern (mean 4.61, std 1.24, z=0.31, percentile 44). The written feedback was classified as negative; sentiment was not used to determine the anomaly."
r_harsh,alex,5,"Terrible experience, rude and completely unhelpful.",2026-03-09T03:58:51,45,sufficient_history,4.67,1.13,0.3,40.0,2.0,consistent_with_reviewer_history,point_in_time,False,available,negative,,,,,0,2,,professionalism,"The score is consistent with this reviewer's established scoring pattern (mean 4.67, std 1.13, z=0.30, percentile 40). The written feedback was classified as negative; sentiment was not used to determine the anomaly."
r_cons,james,8,"Very professional, quick, and helpful.",2026-02-07T08:34:22,21,sufficient_history,6.9,0.7,1.56,81.0,2.0,consistent_with_reviewer_history,point_in_time,False,available,strongly_positive,,,,,3,0,professionalism;responsiveness,,"The score is consistent with this reviewer's established scoring pattern (mean 6.90, std 0.70, z=1.56, percentile 81). The written feedback was classified as strongly_positive; sentiment was not used to determine the anomaly."
r_gen,james,10,"He was polite, but I had to wait too long and my issue was not resolved.",2026-02-21T08:31:16,38,sufficient_history,9.47,0.51,1.04,52.6,2.0,consistent_with_reviewer_history,point_in_time,False,available,mixed,,,,,2,3,professionalism;resolution;wait time,professionalism;resolution;wait time,"The score is consistent with this reviewer's established scoring pattern (mean 9.47, std 0.51, z=1.04, percentile 53). The written feedback was classified as mixed; sentiment was not used to determine the anomaly."
r_cons,alex,7,"Maria was friendly, patient, and knowledgeable.",2026-03-16T03:04:12,50,sufficient_history,7.04,0.7,-0.06,22.0,2.0,consistent_with_reviewer_history,point_in_time,False,available,strongly_positive,,,,,3,0,knowledge;professionalism,,"The score is consistent with this reviewer's established scoring pattern (mean 7.04, std 0.70, z=-0.06, percentile 22). The written feedback was classified as strongly_positive; sentiment was not used to determine the anomaly."
r_gen,james,9,"Excellent service, very professional and efficient.",2026-03-17T23:05:33,51,sufficient_history,9.47,0.5,-0.93,0.0,2.0,consistent_with_reviewer_history,point_in_time,False,available,strongly_positive,,,,,3,0,professionalism;responsiveness,,"The score is consistent with this reviewer's established scoring pattern (mean 9.47, std 0.50, z=-0.93, percentile 0). The written feedback was classified as strongly_positive; sentiment was not used to determine the anomaly."
r_gen,alex,9,"Quick, clear answers. Very satisfied with the support.",2026-01-08T18:40:23,5,insufficient_history,,,,,2.0,insufficient_history,point_in_time,False,available,strongly_positive,,,,,3,0,knowledge;responsiveness,,Insufficient reviewer history (5 < 10): no calibration performed. No inference about this score.
r_cons,maria,6,Friendly service but the wait was frustrating.,2026-02-28T14:47:01,40,sufficient_history,7.05,0.71,-1.47,0.0,2.0,consistent_with_reviewer_history,point_in_time,False,available,mixed,,,,,1,2,professionalism;wait time,professionalism;wait time,"The score is consistent with this reviewer's established scoring pattern (mean 7.05, std 0.71, z=-1.47, percentile 0). The written feedback was classified as mixed; sentiment was not used to determine the anomaly."
r_cons,maria,7,"He was polite, but I had to wait too long and my issue was not resolved.",2026-01-07T10:13:50,4,insufficient_history,,,,,2.0,insufficient_history,point_in_time,False,available,mixed,,,,,2,3,professionalism;resolution;wait time,professionalism;resolution;wait time,Insufficient reviewer history (4 < 10): no calibration performed. No inference about this score.
r_same,james,9,James resolved my issue quickly and explained everything clearly.,2026-01-25T16:52:43,8,insufficient_history,,,,,2.0,insufficient_history,point_in_time,False,available,positive,,,,,1,0,knowledge;resolution;responsiveness,,Insufficient reviewer history (8 < 10): no calibration performed. No inference about this score.
r_harsh,maria,5,Quick to answer but my problem is still unresolved.,2026-01-12T17:08:54,15,sufficient_history,4.6,1.24,0.32,46.7,2.0,consistent_with_reviewer_history,point_in_time,False,available,mixed,,,,,1,1,resolution;responsiveness,resolution;responsiveness,"The score is consistent with this reviewer's established scoring pattern (mean 4.60, std 1.24, z=0.32, percentile 47). The written feedback was classified as mixed; sentiment was not used to determine the anomaly."
r_cons,alex,7,Quick to answer but my problem is still unresolved.,2026-02-23T09:08:06,35,sufficient_history,7.06,0.73,-0.08,22.9,2.0,consistent_with_reviewer_history,point_in_time,False,available,mixed,,,,,1,1,resolution;responsiveness,resolution;responsiveness,"The score is consistent with this reviewer's established scoring pattern (mean 7.06, std 0.73, z=-0.08, percentile 23). The written feedback was classified as mixed; sentiment was not used to determine the anomaly."
r_cons,alex,6,"Very professional, quick, and helpful.",2026-03-29T21:46:53,59,sufficient_history,7.03,0.69,-1.49,0.0,2.0,consistent_with_reviewer_history,point_in_time,False,available,strongly_positive,,,,,3,0,professionalism;responsiveness,,"The score is consistent with this reviewer's established scoring pattern (mean 7.03, std 0.69, z=-1.49, percentile 0). The written feedback was classified as strongly_positive; sentiment was not used to determine the anomaly."
r_gen,alex,10,"Excellent service, very professional and efficient.",2026-03-27T12:33:44,57,sufficient_history,9.46,0.5,1.08,54.4,2.0,consistent_with_reviewer_history,point_in_time,False,available,strongly_positive,,,,,3,0,professionalism;responsiveness,,"The score is consistent with this reviewer's established scoring pattern (mean 9.46, std 0.50, z=1.08, percentile 54). The written feedback was classified as strongly_positive; sentiment was not used to determine the anomaly."
r_harsh,james,5,Spoke with a representative about a form.,2026-03-18T18:33:34,54,sufficient_history,4.65,1.1,0.32,42.6,2.0,consistent_with_reviewer_history,point_in_time,False,available,neutral,,,,,0,0,,,"The score is consistent with this reviewer's established scoring pattern (mean 4.65, std 1.10, z=0.32, percentile 43). The written feedback was classified as neutral; sentiment was not used to determine the anomaly."
r_avg,maria,6,Quick to answer but my problem is still unresolved.,2026-01-03T19:37:57,1,insufficient_history,,,,,2.0,insufficient_history,point_in_time,False,available,mixed,,,,,1,1,resolution;responsiveness,resolution;responsiveness,Insufficient reviewer history (1 < 10): no calibration performed. No inference about this score.
r_harsh,maria,5,Friendly service but the wait was frustrating.,2026-02-15T15:53:39,34,sufficient_history,4.62,1.18,0.32,41.2,2.0,consistent_with_reviewer_history,point_in_time,False,available,mixed,,,,,1,2,professionalism;wait time,professionalism;wait time,"The score is consistent with this reviewer's established scoring pattern (mean 4.62, std 1.18, z=0.32, percentile 41). The written feedback was classified as mixed; sentiment was not used to determine the anomaly."
r_cons,maria,6,"Very professional, quick, and helpful.",2026-02-23T14:20:52,36,sufficient_history,7.06,0.71,-1.48,0.0,2.0,consistent_with_reviewer_history,point_in_time,False,available,strongly_positive,,,,,3,0,professionalism;responsiveness,,"The score is consistent with this reviewer's established scoring pattern (mean 7.06, std 0.71, z=-1.48, percentile 0). The written feedback was classified as strongly_positive; sentiment was not used to determine the anomaly."
r_harsh,alex,4,Visited the branch on Tuesday.,2026-03-16T05:16:56,52,sufficient_history,4.63,1.1,-0.58,21.2,2.0,consistent_with_reviewer_history,point_in_time,False,available,neutral,,,,,0,0,,,"The score is consistent with this reviewer's established scoring pattern (mean 4.63, std 1.10, z=-0.58, percentile 21). The written feedback was classified as neutral; sentiment was not used to determine the anomaly."
r_gen,alex,9,"Maria was friendly, patient, and knowledgeable.",2026-01-17T03:31:58,13,sufficient_history,9.31,0.48,-0.64,0.0,2.0,consistent_with_reviewer_history,point_in_time,False,available,strongly_positive,,,,,3,0,knowledge;professionalism,,"The score is consistent with this reviewer's established scoring pattern (mean 9.31, std 0.48, z=-0.64, percentile 0). The written feedback was classified as strongly_positive; sentiment was not used to determine the anomaly."
r_planted,alex,9,"Maria was friendly, patient, and knowledgeable.",2026-01-09T10:30:26,3,insufficient_history,,,,,2.0,insufficient_history,point_in_time,False,available,strongly_positive,,,,,3,0,knowledge;professionalism,,Insufficient reviewer history (3 < 10): no calibration performed. No inference about this score.
r_cons,james,7,"Professional and courteous, but I waited a long time to be seen.",2026-02-10T17:33:07,24,sufficient_history,7.0,0.72,0.0,25.0,2.0,consistent_with_reviewer_history,point_in_time,False,available,mixed,,,,,2,2,professionalism;wait time,professionalism;wait time,"The score is consistent with this reviewer's established scoring pattern (mean 7.00, std 0.72, z=0.00, percentile 25). The written feedback was classified as mixed; sentiment was not used to determine the anomaly."
r_harsh,maria,5,"Terrible experience, rude and completely unhelpful.",2026-01-28T00:23:05,24,sufficient_history,4.54,1.22,0.38,45.8,2.0,consistent_with_reviewer_history,point_in_time,False,available,negative,,,,,0,2,,professionalism,"The score is consistent with this reviewer's established scoring pattern (mean 4.54, std 1.22, z=0.38, percentile 46). The written feedback was classified as negative; sentiment was not used to determine the anomaly."
r_harsh,maria,4,"She was helpful, though the process was confusing at first.",2026-03-13T05:52:01,50,sufficient_history,4.66,1.12,-0.59,22.0,2.0,consistent_with_reviewer_history,point_in_time,False,available,mixed,,,,,1,1,knowledge,knowledge,"The score is consistent with this reviewer's established scoring pattern (mean 4.66, std 1.12, z=-0.59, percentile 22). The written feedback was classified as mixed; sentiment was not used to determine the anomaly."
r_avg,james,9,"Maria was friendly, patient, and knowledgeable.",2026-03-11T17:52:02,44,sufficient_history,6.52,1.53,1.62,90.9,2.0,consistent_with_reviewer_history,point_in_time,False,available,strongly_positive,,,,,3,0,knowledge;professionalism,,"The score is consistent with this reviewer's established scoring pattern (mean 6.52, std 1.53, z=1.62, percentile 91). The written feedback was classified as strongly_positive; sentiment was not used to determine the anomaly."
r_planted,alex,4,"The service was fine, nothing special.",2026-03-01T12:00:00,12,sufficient_history,9.5,0.52,-10.53,0.0,2.0,calibration_anomaly,point_in_time,True,available,neutral,,,,,0,0,,,"Calibration anomaly: score 4 is unusually low relative to this reviewer's prior pattern (mean 9.50, std 0.52, z=-10.53, percentile 0; project threshold |z| >= 2.0). The written feedback was classified as neutral; sentiment was not used to determine the anomaly. Human review recommended; do not auto-adjust."
r_avg,maria,4,"Terrible experience, rude and completely unhelpful.",2026-03-28T00:50:55,58,sufficient_history,6.59,1.58,-1.64,0.0,2.0,consistent_with_reviewer_history,point_in_time,False,available,negative,,,,,0,2,,professionalism,"The score is consistent with this reviewer's established scoring pattern (mean 6.59, std 1.58, z=-1.64, percentile 0). The written feedback was classified as negative; sentiment was not used to determine the anomaly."
r_harsh,james,3,"Terrible experience, rude and completely unhelpful.",2026-01-24T03:51:00,21,sufficient_history,4.62,1.24,-1.3,0.0,2.0,consistent_with_reviewer_history,point_in_time,False,available,negative,,,,,0,2,,professionalism,"The score is consistent with this reviewer's established scoring pattern (mean 4.62, std 1.24, z=-1.30, percentile 0). The written feedback was classified as negative; sentiment was not used to determine the anomaly."
r_zerovar,maria,9,"Very professional, quick, and helpful.",2026-01-23T18:04:21,5,insufficient_history,,,,,2.0,insufficient_history,point_in_time,False,available,strongly_positive,,,,,3,0,professionalism;responsiveness,,Insufficient reviewer history (5 < 10): no calibration performed. No inference about this score.
r_cons,maria,7,Everything was handled correctly. Thank you.,2026-01-24T22:41:01,16,sufficient_history,6.88,0.72,0.17,31.2,2.0,consistent_with_reviewer_history,point_in_time,False,available,neutral,,,,,0,0,,,"The score is consistent with this reviewer's established scoring pattern (mean 6.88, std 0.72, z=0.17, percentile 31). The written feedback was classified as neutral; sentiment was not used to determine the anomaly."
r_avg,james,4,"Terrible experience, rude and completely unhelpful.",2026-02-03T13:30:33,20,sufficient_history,6.6,1.5,-1.73,0.0,2.0,consistent_with_reviewer_history,point_in_time,False,available,negative,,,,,0,2,,professionalism,"The score is consistent with this reviewer's established scoring pattern (mean 6.60, std 1.50, z=-1.73, percentile 0). The written feedback was classified as negative; sentiment was not used to determine the anomaly."
r_gen,alex,10,"He was polite, but I had to wait too long and my issue was not resolved.",2026-03-03T13:52:53,42,sufficient_history,9.48,0.51,1.04,52.4,2.0,consistent_with_reviewer_history,point_in_time,False,available,mixed,,,,,2,3,professionalism;resolution;wait time,professionalism;resolution;wait time,"The score is consistent with this reviewer's established scoring pattern (mean 9.48, std 0.51, z=1.04, percentile 52). The written feedback was classified as mixed; sentiment was not used to determine the anomaly."
r_cons,maria,8,"Maria was friendly, patient, and knowledgeable.",2026-02-22T08:39:03,34,sufficient_history,7.03,0.72,1.35,73.5,2.0,consistent_with_reviewer_history,point_in_time,False,available,strongly_positive,,,,,3,0,knowledge;professionalism,,"The score is consistent with this reviewer's established scoring pattern (mean 7.03, std 0.72, z=1.35, percentile 74). The written feedback was classified as strongly_positive; sentiment was not used to determine the anomaly."
r_zerovar_ok,maria,9,"Fantastic help, I was impressed with how thorough he was.",2026-01-09T20:36:36,0,insufficient_history,,,,,2.0,insufficient_history,point_in_time,False,available,strongly_positive,,,,,3,0,,,Insufficient reviewer history (0 < 10): no calibration performed. No inference about this score.
r_gen,maria,10,James resolved my issue quickly and explained everything clearly.,2026-03-21T15:59:18,55,sufficient_history,9.45,0.5,1.09,54.5,2.0,consistent_with_reviewer_history,point_in_time,False,available,positive,,,,,1,0,knowledge;resolution;responsiveness,,"The score is consistent with this reviewer's established scoring pattern (mean 9.45, std 0.50, z=1.09, percentile 55). The written feedback was classified as positive; sentiment was not used to determine the anomaly."
r_zerovar,maria,5,Alex was great and answered all my questions.,2026-03-01T12:00:00,11,zero_variance_baseline,9.0,0.0,,0.0,2.0,calibration_anomaly,point_in_time,True,available,positive,,,,,2,0,knowledge,,Reviewer has a constant historical pattern (all 11 prior scores = 9); this score differs from it. z-score undefined (zero variance). Human review recommended; do not auto-adjust.
r_gen,alex,10,"Excellent service, very professional and efficient.",2026-01-21T09:30:49,16,sufficient_history,9.31,0.48,1.44,68.8,2.0,consistent_with_reviewer_history,point_in_time,False,available,strongly_positive,,,,,3,0,professionalism;responsiveness,,"The score is consistent with this reviewer's established scoring pattern (mean 9.31, std 0.48, z=1.44, percentile 69). The written feedback was classified as strongly_positive; sentiment was not used to determine the anomaly."
r_harsh,alex,5,Called about my account balance.,2026-02-25T07:50:45,38,sufficient_history,4.66,1.15,0.3,39.5,2.0,consistent_with_reviewer_history,point_in_time,False,available,neutral,,,,,0,0,,,"The score is consistent with this reviewer's established scoring pattern (mean 4.66, std 1.15, z=0.30, percentile 39). The written feedback was classified as neutral; sentiment was not used to determine the anomaly."
r_avg,alex,4,"Terrible experience, rude and completely unhelpful.",2026-01-22T05:56:12,13,sufficient_history,6.77,1.54,-1.8,0.0,2.0,consistent_with_reviewer_history,point_in_time,False,available,negative,,,,,0,2,,professionalism,"The score is consistent with this reviewer's established scoring pattern (mean 6.77, std 1.54, z=-1.80, percentile 0). The written feedback was classified as negative; sentiment was not used to determine the anomaly."
r_gen,james,10,"Wonderful experience, he was helpful and friendly throughout.",2026-01-10T16:58:23,7,insufficient_history,,,,,2.0,insufficient_history,point_in_time,False,available,strongly_positive,,,,,3,0,professionalism,,Insufficient reviewer history (7 < 10): no calibration performed. No inference about this score.
r_zerovar,james,9,James resolved my issue quickly and explained everything clearly.,2026-01-20T12:57:23,3,insufficient_history,,,,,2.0,insufficient_history,point_in_time,False,available,positive,,,,,1,0,knowledge;resolution;responsiveness,,Insufficient reviewer history (3 < 10): no calibration performed. No inference about this score.
r_zerovar_ok,james,9,"Fantastic help, I was impressed with how thorough he was.",2026-03-30T22:36:15,11,zero_variance_baseline,9.0,0.0,,0.0,2.0,consistent_with_reviewer_history,point_in_time,False,available,strongly_positive,,,,,3,0,,,Reviewer has a constant historical pattern (all 11 prior scores = 9); this score matches it. z-score undefined (zero variance).
r_cons,james,7,"Very professional, quick, and helpful.",2026-03-26T12:27:19,57,sufficient_history,7.04,0.71,-0.05,22.8,2.0,consistent_with_reviewer_history,point_in_time,False,available,strongly_positive,,,,,3,0,professionalism;responsiveness,,"The score is consistent with this reviewer's established scoring pattern (mean 7.04, std 0.71, z=-0.05, percentile 23). The written feedback was classified as strongly_positive; sentiment was not used to determine the anomaly."
r_avg,maria,7,"Maria was friendly, patient, and knowledgeable.",2026-02-19T15:07:18,25,sufficient_history,6.44,1.64,0.34,52.0,2.0,consistent_with_reviewer_history,point_in_time,False,available,strongly_positive,,,,,3,0,knowledge;professionalism,,"The score is consistent with this reviewer's established scoring pattern (mean 6.44, std 1.64, z=0.34, percentile 52). The written feedback was classified as strongly_positive; sentiment was not used to determine the anomaly."
r_harsh,james,4,"Professional and courteous, but I waited a long time to be seen.",2026-01-09T06:29:09,7,insufficient_history,,,,,2.0,insufficient_history,point_in_time,False,available,mixed,,,,,2,2,professionalism;wait time,professionalism;wait time,Insufficient reviewer history (7 < 10): no calibration performed. No inference about this score.
r_zerovar_ok,alex,9,"Excellent service, very professional and efficient.",2026-01-25T12:07:55,1,insufficient_history,,,,,2.0,insufficient_history,point_in_time,False,available,strongly_positive,,,,,3,0,professionalism;responsiveness,,Insufficient reviewer history (1 < 10): no calibration performed. No inference about this score.
r_cons,alex,8,"Wonderful experience, he was helpful and friendly throughout.",2026-02-10T23:08:56,25,sufficient_history,7.0,0.71,1.41,76.0,2.0,consistent_with_reviewer_history,point_in_time,False,available,strongly_positive,,,,,3,0,professionalism,,"The score is consistent with this reviewer's established scoring pattern (mean 7.00, std 0.71, z=1.41, percentile 76). The written feedback was classified as strongly_positive; sentiment was not used to determine the anomaly."
r_thresh,alex,9,"Excellent service, very professional and efficient.",2026-01-05T10:00:00,4,insufficient_history,,,,,2.0,insufficient_history,point_in_time,False,available,strongly_positive,,,,,3,0,professionalism;responsiveness,,Insufficient reviewer history (4 < 10): no calibration performed. No inference about this score.
r_thresh,alex,9,"Wonderful experience, he was helpful and friendly throughout.",2026-01-06T10:00:00,5,insufficient_history,,,,,2.0,insufficient_history,point_in_time,False,available,strongly_positive,,,,,3,0,professionalism,,Insufficient reviewer history (5 < 10): no calibration performed. No inference about this score.
r_gen,alex,9,Alex was great and answered all my questions.,2026-03-06T01:59:19,44,sufficient_history,9.48,0.51,-0.94,0.0,2.0,consistent_with_reviewer_history,point_in_time,False,available,positive,,,,,2,0,knowledge,,"The score is consistent with this reviewer's established scoring pattern (mean 9.48, std 0.51, z=-0.94, percentile 0). The written feedback was classified as positive; sentiment was not used to determine the anomaly."
r_gen,alex,10,"Maria was friendly, patient, and knowledgeable.",2026-01-19T14:26:14,14,sufficient_history,9.29,0.47,1.52,71.4,2.0,consistent_with_reviewer_history,point_in_time,False,available,strongly_positive,,,,,3,0,knowledge;professionalism,,"The score is consistent with this reviewer's established scoring pattern (mean 9.29, std 0.47, z=1.52, percentile 71). The written feedback was classified as strongly_positive; sentiment was not used to determine the anomaly."
r_avg,james,6,"Very professional, quick, and helpful.",2026-01-14T10:26:05,9,insufficient_history,,,,,2.0,insufficient_history,point_in_time,False,available,strongly_positive,,,,,3,0,professionalism;responsiveness,,Insufficient reviewer history (9 < 10): no calibration performed. No inference about this score.
r_gen,maria,9,"Excellent service, very professional and efficient.",2026-01-28T01:11:31,22,sufficient_history,9.5,0.51,-0.98,0.0,2.0,consistent_with_reviewer_history,point_in_time,False,available,strongly_positive,,,,,3,0,professionalism;responsiveness,,"The score is consistent with this reviewer's established scoring pattern (mean 9.50, std 0.51, z=-0.98, percentile 0). The written feedback was classified as strongly_positive; sentiment was not used to determine the anomaly."
r_cons,alex,8,"Wonderful experience, he was helpful and friendly throughout.",2026-02-25T22:40:13,38,sufficient_history,7.03,0.72,1.36,73.7,2.0,consistent_with_reviewer_history,point_in_time,False,available,strongly_positive,,,,,3,0,professionalism,,"The score is consistent with this reviewer's established scoring pattern (mean 7.03, std 0.72, z=1.36, percentile 74). The written feedback was classified as strongly_positive; sentiment was not used to determine the anomaly."
r_cons,james,6,"Professional and courteous, but I waited a long time to be seen.",2026-03-14T21:40:19,48,sufficient_history,7.06,0.7,-1.53,0.0,2.0,consistent_with_reviewer_history,point_in_time,False,available,mixed,,,,,2,2,professionalism;wait time,professionalism;wait time,"The score is consistent with this reviewer's established scoring pattern (mean 7.06, std 0.70, z=-1.53, percentile 0). The written feedback was classified as mixed; sentiment was not used to determine the anomaly."
r_avg,alex,5,"The service was fine, nothing special.",2026-03-08T18:16:34,41,sufficient_history,6.61,1.55,-1.04,12.2,2.0,consistent_with_reviewer_history,point_in_time,False,available,neutral,,,,,0,0,,,"The score is consistent with this reviewer's established scoring pattern (mean 6.61, std 1.55, z=-1.04, percentile 12). The written feedback was classified as neutral; sentiment was not used to determine the anomaly."
r_avg,maria,9,Alex was great and answered all my questions.,2026-02-20T11:30:07,26,sufficient_history,6.46,1.61,1.58,92.3,2.0,consistent_with_reviewer_history,point_in_time,False,available,positive,,,,,2,0,knowledge,,"The score is consistent with this reviewer's established scoring pattern (mean 6.46, std 1.61, z=1.58, percentile 92). The written feedback was classified as positive; sentiment was not used to determine the anomaly."
r_gen,alex,10,"Very professional, quick, and helpful.",2026-01-10T09:51:54,6,insufficient_history,,,,,2.0,insufficient_history,point_in_time,False,available,strongly_positive,,,,,3,0,professionalism;responsiveness,,Insufficient reviewer history (6 < 10): no calibration performed. No inference about this score.
r_harsh,maria,3,Awful. I was ignored and my problem remains unresolved.,2026-03-07T18:20:00,44,sufficient_history,4.7,1.11,-1.53,0.0,2.0,consistent_with_reviewer_history,point_in_time,False,available,negative,,,,,0,3,,resolution,"The score is consistent with this reviewer's established scoring pattern (mean 4.70, std 1.11, z=-1.53, percentile 0). The written feedback was classified as negative; sentiment was not used to determine the anomaly."
r_harsh,james,4,Called about my account balance.,2026-01-27T20:17:26,23,sufficient_history,4.57,1.24,-0.46,30.4,2.0,consistent_with_reviewer_history,point_in_time,False,available,neutral,,,,,0,0,,,"The score is consistent with this reviewer's established scoring pattern (mean 4.57, std 1.24, z=-0.46, percentile 30). The written feedback was classified as neutral; sentiment was not used to determine the anomaly."
r_harsh,maria,3,Nobody called me back and the issue is still broken.,2026-01-08T04:37:26,5,insufficient_history,,,,,2.0,insufficient_history,point_in_time,False,available,negative,,,,,0,2,,resolution;responsiveness,Insufficient reviewer history (5 < 10): no calibration performed. No inference about this score.
r_avg,james,9,She was courteous and made the whole process easy.,2026-03-22T15:21:59,51,sufficient_history,6.55,1.54,1.59,90.2,2.0,consistent_with_reviewer_history,point_in_time,False,available,positive,,,,,2,0,professionalism,,"The score is consistent with this reviewer's established scoring pattern (mean 6.55, std 1.54, z=1.59, percentile 90). The written feedback was classified as positive; sentiment was not used to determine the anomaly."
r_planted,maria,10,"Wonderful experience, he was helpful and friendly throughout.",2026-01-03T22:10:24,0,insufficient_history,,,,,2.0,insufficient_history,point_in_time,False,available,strongly_positive,,,,,3,0,professionalism,,Insufficient reviewer history (0 < 10): no calibration performed. No inference about this score.
r_cons,maria,8,"Fantastic help, I was impressed with how thorough he was.",2026-01-02T21:23:02,1,insufficient_history,,,,,2.0,insufficient_history,point_in_time,False,available,strongly_positive,,,,,3,0,,,Insufficient reviewer history (1 < 10): no calibration performed. No inference about this score.
r_cons,james,7,"Professional and courteous, but I waited a long time to be seen.",2026-01-01T01:19:57,0,insufficient_history,,,,,2.0,insufficient_history,point_in_time,False,available,mixed,,,,,2,2,professionalism;wait time,professionalism;wait time,Insufficient reviewer history (0 < 10): no calibration performed. No inference about this score.
r_cons,alex,6,"Very professional, quick, and helpful.",2026-01-09T07:35:13,6,insufficient_history,,,,,2.0,insufficient_history,point_in_time,False,available,strongly_positive,,,,,3,0,professionalism;responsiveness,,Insufficient reviewer history (6 < 10): no calibration performed. No inference about this score.
r_same,maria,9,"Very professional, quick, and helpful.",2026-01-11T21:47:42,2,insufficient_history,,,,,2.0,insufficient_history,point_in_time,False,available,strongly_positive,,,,,3,0,professionalism;responsiveness,,Insufficient reviewer history (2 < 10): no calibration performed. No inference about this score.
r_same,maria,9,"Fantastic help, I was impressed with how thorough he was.",2026-01-06T21:28:17,1,insufficient_history,,,,,2.0,insufficient_history,point_in_time,False,available,strongly_positive,,,,,3,0,,,Insufficient reviewer history (1 < 10): no calibration performed. No inference about this score.
r_gen,james,9,Alex was great and answered all my questions.,2026-03-23T00:44:50,56,sufficient_history,9.46,0.5,-0.92,0.0,2.0,consistent_with_reviewer_history,point_in_time,False,available,positive,,,,,2,0,knowledge,,"The score is consistent with this reviewer's established scoring pattern (mean 9.46, std 0.50, z=-0.92, percentile 0). The written feedback was classified as positive; sentiment was not used to determine the anomaly."
r_avg,james,7,Everything was handled correctly. Thank you.,2026-03-01T18:15:13,34,sufficient_history,6.79,1.57,0.13,38.2,2.0,consistent_with_reviewer_history,point_in_time,False,available,neutral,,,,,0,0,,,"The score is consistent with this reviewer's established scoring pattern (mean 6.79, std 1.57, z=0.13, percentile 38). The written feedback was classified as neutral; sentiment was not used to determine the anomaly."
r_gen,maria,10,She was courteous and made the whole process easy.,2026-02-09T21:56:15,33,sufficient_history,9.48,0.51,1.02,51.5,2.0,consistent_with_reviewer_history,point_in_time,False,available,positive,,,,,2,0,professionalism,,"The score is consistent with this reviewer's established scoring pattern (mean 9.48, std 0.51, z=1.02, percentile 52). The written feedback was classified as positive; sentiment was not used to determine the anomaly."
r_cons,james,7,Friendly service but the wait was frustrating.,2026-01-11T19:56:07,7,insufficient_history,,,,,2.0,insufficient_history,point_in_time,False,available,mixed,,,,,1,2,professionalism;wait time,professionalism;wait time,Insufficient reviewer history (7 < 10): no calibration performed. No inference about this score.
r_gen,james,10,Everything was handled correctly. Thank you.,2026-01-23T23:38:16,19,sufficient_history,9.42,0.51,1.14,57.9,2.0,consistent_with_reviewer_history,point_in_time,False,available,neutral,,,,,0,0,,,"The score is consistent with this reviewer's established scoring pattern (mean 9.42, std 0.51, z=1.14, percentile 58). The written feedback was classified as neutral; sentiment was not used to determine the anomaly."
r_gen,alex,9,James resolved my issue quickly and explained everything clearly.,2026-01-12T04:58:05,8,insufficient_history,,,,,2.0,insufficient_history,point_in_time,False,available,positive,,,,,1,0,knowledge;resolution;responsiveness,,Insufficient reviewer history (8 < 10): no calibration performed. No inference about this score.
r_gen,alex,9,"Excellent service, very professional and efficient.",2026-01-28T16:04:07,23,sufficient_history,9.48,0.51,-0.94,0.0,2.0,consistent_with_reviewer_history,point_in_time,False,available,strongly_positive,,,,,3,0,professionalism;responsiveness,,"The score is consistent with this reviewer's established scoring pattern (mean 9.48, std 0.51, z=-0.94, percentile 0). The written feedback was classified as strongly_positive; sentiment was not used to determine the anomaly."
r_gen,alex,10,"Maria was friendly, patient, and knowledgeable.",2026-01-29T19:22:45,24,sufficient_history,9.46,0.51,1.06,54.2,2.0,consistent_with_reviewer_history,point_in_time,False,available,strongly_positive,,,,,3,0,knowledge;professionalism,,"The score is consistent with this reviewer's established scoring pattern (mean 9.46, std 0.51, z=1.06, percentile 54). The written feedback was classified as strongly_positive; sentiment was not used to determine the anomaly."
r_cons,james,7,"Very professional, quick, and helpful.",2026-01-05T10:46:42,2,insufficient_history,,,,,2.0,insufficient_history,point_in_time,False,available,strongly_positive,,,,,3,0,professionalism;responsiveness,,Insufficient reviewer history (2 < 10): no calibration performed. No inference about this score.
r_gen,maria,9,"He was polite, but I had to wait too long and my issue was not resolved.",2026-02-26T16:03:18,41,sufficient_history,9.49,0.51,-0.96,0.0,2.0,consistent_with_reviewer_history,point_in_time,False,available,mixed,,,,,2,3,professionalism;resolution;wait time,professionalism;resolution;wait time,"The score is consistent with this reviewer's established scoring pattern (mean 9.49, std 0.51, z=-0.96, percentile 0). The written feedback was classified as mixed; sentiment was not used to determine the anomaly."
r_cons,alex,7,Quick to answer but my problem is still unresolved.,2026-02-22T01:30:07,33,sufficient_history,7.03,0.73,-0.04,24.2,2.0,consistent_with_reviewer_history,point_in_time,False,available,mixed,,,,,1,1,resolution;responsiveness,resolution;responsiveness,"The score is consistent with this reviewer's established scoring pattern (mean 7.03, std 0.73, z=-0.04, percentile 24). The written feedback was classified as mixed; sentiment was not used to determine the anomaly."
r_zerovar,alex,9,Everything was handled correctly. Thank you.,2026-01-23T20:10:23,6,insufficient_history,,,,,2.0,insufficient_history,point_in_time,False,available,neutral,,,,,0,0,,,Insufficient reviewer history (6 < 10): no calibration performed. No inference about this score.
r_thresh,alex,9,"Maria was friendly, patient, and knowledgeable.",2026-01-10T10:00:00,9,insufficient_history,,,,,2.0,insufficient_history,point_in_time,False,available,strongly_positive,,,,,3,0,knowledge;professionalism,,Insufficient reviewer history (9 < 10): no calibration performed. No inference about this score.
r_planted,alex,9,Alex was great and answered all my questions.,2026-01-20T19:57:26,8,insufficient_history,,,,,2.0,insufficient_history,point_in_time,False,available,positive,,,,,2,0,knowledge,,Insufficient reviewer history (8 < 10): no calibration performed. No inference about this score.
r_cons,alex,7,Friendly service but the wait was frustrating.,2026-03-16T00:46:44,49,sufficient_history,7.04,0.71,-0.06,22.4,2.0,consistent_with_reviewer_history,point_in_time,False,available,mixed,,,,,1,2,professionalism;wait time,professionalism;wait time,"The score is consistent with this reviewer's established scoring pattern (mean 7.04, std 0.71, z=-0.06, percentile 22). The written feedback was classified as mixed; sentiment was not used to determine the anomaly."
r_gen,james,10,"Maria was friendly, patient, and knowledgeable.",2026-01-26T21:42:08,21,sufficient_history,9.48,0.51,1.02,52.4,2.0,consistent_with_reviewer_history,point_in_time,False,available,strongly_positive,,,,,3,0,knowledge;professionalism,,"The score is consistent with this reviewer's established scoring pattern (mean 9.48, std 0.51, z=1.02, percentile 52). The written feedback was classified as strongly_positive; sentiment was not used to determine the anomaly."
r_harsh,alex,6,Quick to answer but my problem is still unresolved.,2026-03-04T17:03:46,43,sufficient_history,4.67,1.11,1.2,72.1,2.0,consistent_with_reviewer_history,point_in_time,False,available,mixed,,,,,1,1,resolution;responsiveness,resolution;responsiveness,"The score is consistent with this reviewer's established scoring pattern (mean 4.67, std 1.11, z=1.20, percentile 72). The written feedback was classified as mixed; sentiment was not used to determine the anomaly."
r_harsh,maria,5,Quick to answer but my problem is still unresolved.,2026-02-14T03:31:34,32,sufficient_history,4.66,1.18,0.29,40.6,2.0,consistent_with_reviewer_history,point_in_time,False,available,mixed,,,,,1,1,resolution;responsiveness,resolution;responsiveness,"The score is consistent with this reviewer's established scoring pattern (mean 4.66, std 1.18, z=0.29, percentile 41). The written feedback was classified as mixed; sentiment was not used to determine the anomaly."
r_zerovar_ok,maria,9,"Fantastic help, I was impressed with how thorough he was.",2026-01-28T23:35:46,2,insufficient_history,,,,,2.0,insufficient_history,point_in_time,False,available,strongly_positive,,,,,3,0,,,Insufficient reviewer history (2 < 10): no calibration performed. No inference about this score.
r_harsh,james,3,"Worst service ever. Long wait, confusing answers, nothing resolved.",2026-03-09T17:06:01,46,sufficient_history,4.67,1.12,-1.5,0.0,2.0,consistent_with_reviewer_history,point_in_time,False,available,mixed,,,,,1,4,knowledge;resolution;wait time,knowledge;resolution;wait time,"The score is consistent with this reviewer's established scoring pattern (mean 4.67, std 1.12, z=-1.50, percentile 0). The written feedback was classified as mixed; sentiment was not used to determine the anomaly."
r_cons,james,7,Friendly service but the wait was frustrating.,2026-01-21T15:27:20,10,sufficient_history,7.1,0.74,-0.14,20.0,2.0,consistent_with_reviewer_history,point_in_time,False,available,mixed,,,,,1,2,professionalism;wait time,professionalism;wait time,"The score is consistent with this reviewer's established scoring pattern (mean 7.10, std 0.74, z=-0.14, percentile 20). The written feedback was classified as mixed; sentiment was not used to determine the anomaly."
r_gen,alex,9,She was courteous and made the whole process easy.,2026-01-03T09:45:23,1,insufficient_history,,,,,2.0,insufficient_history,point_in_time,False,available,positive,,,,,2,0,professionalism,,Insufficient reviewer history (1 < 10): no calibration performed. No inference about this score.
r_cons,alex,6,Alex was great and answered all my questions.,2026-03-20T03:53:33,53,sufficient_history,7.04,0.71,-1.47,0.0,2.0,consistent_with_reviewer_history,point_in_time,False,available,positive,,,,,2,0,knowledge,,"The score is consistent with this reviewer's established scoring pattern (mean 7.04, std 0.71, z=-1.47, percentile 0). The written feedback was classified as positive; sentiment was not used to determine the anomaly."
r_harsh,maria,4,Friendly service but the wait was frustrating.,2026-02-26T04:25:59,39,sufficient_history,4.67,1.13,-0.59,23.1,2.0,consistent_with_reviewer_history,point_in_time,False,available,mixed,,,,,1,2,professionalism;wait time,professionalism;wait time,"The score is consistent with this reviewer's established scoring pattern (mean 4.67, std 1.13, z=-0.59, percentile 23). The written feedback was classified as mixed; sentiment was not used to determine the anomaly."
r_cons,maria,7,Quick to answer but my problem is still unresolved.,2026-01-21T19:12:28,11,sufficient_history,7.09,0.7,-0.13,18.2,2.0,consistent_with_reviewer_history,point_in_time,False,available,mixed,,,,,1,1,resolution;responsiveness,resolution;responsiveness,"The score is consistent with this reviewer's established scoring pattern (mean 7.09, std 0.70, z=-0.13, percentile 18). The written feedback was classified as mixed; sentiment was not used to determine the anomaly."
r_zerovar,maria,9,"Quick, clear answers. Very satisfied with the support.",2026-01-27T05:07:26,7,insufficient_history,,,,,2.0,insufficient_history,point_in_time,False,available,strongly_positive,,,,,3,0,knowledge;responsiveness,,Insufficient reviewer history (7 < 10): no calibration performed. No inference about this score.
r_avg,maria,5,"She was helpful, though the process was confusing at first.",2026-03-02T09:57:49,35,sufficient_history,6.8,1.55,-1.16,11.4,2.0,consistent_with_reviewer_history,point_in_time,False,available,mixed,,,,,1,1,knowledge,knowledge,"The score is consistent with this reviewer's established scoring pattern (mean 6.80, std 1.55, z=-1.16, percentile 11). The written feedback was classified as mixed; sentiment was not used to determine the anomaly."
r_avg,maria,6,"Very professional, quick, and helpful.",2026-03-11T06:40:48,43,sufficient_history,6.53,1.55,-0.35,30.2,2.0,consistent_with_reviewer_history,point_in_time,False,available,strongly_positive,,,,,3,0,professionalism;responsiveness,,"The score is consistent with this reviewer's established scoring pattern (mean 6.53, std 1.55, z=-0.35, percentile 30). The written feedback was classified as strongly_positive; sentiment was not used to determine the anomaly."
r_gen,alex,10,"Fantastic help, I was impressed with how thorough he was.",2026-03-20T09:36:15,53,sufficient_history,9.45,0.5,1.09,54.7,2.0,consistent_with_reviewer_history,point_in_time,False,available,strongly_positive,,,,,3,0,,,"The score is consistent with this reviewer's established scoring pattern (mean 9.45, std 0.50, z=1.09, percentile 55). The written feedback was classified as strongly_positive; sentiment was not used to determine the anomaly."
r_cons,james,8,"Excellent service, very professional and efficient.",2026-01-16T19:00:41,8,insufficient_history,,,,,2.0,insufficient_history,point_in_time,False,available,strongly_positive,,,,,3,0,professionalism;responsiveness,,Insufficient reviewer history (8 < 10): no calibration performed. No inference about this score.
r_avg,maria,7,"He was polite, but I had to wait too long and my issue was not resolved.",2026-03-14T23:46:00,47,sufficient_history,6.62,1.54,0.25,44.7,2.0,consistent_with_reviewer_history,point_in_time,False,available,mixed,,,,,2,3,professionalism;resolution;wait time,professionalism;resolution;wait time,"The score is consistent with this reviewer's established scoring pattern (mean 6.62, std 1.54, z=0.25, percentile 45). The written feedback was classified as mixed; sentiment was not used to determine the anomaly."
r_cons,alex,7,"Very professional, quick, and helpful.",2026-02-06T21:17:41,20,sufficient_history,6.9,0.72,0.14,30.0,2.0,consistent_with_reviewer_history,point_in_time,False,available,strongly_positive,,,,,3,0,professionalism;responsiveness,,"The score is consistent with this reviewer's established scoring pattern (mean 6.90, std 0.72, z=0.14, percentile 30). The written feedback was classified as strongly_positive; sentiment was not used to determine the anomaly."
r_avg,james,7,Friendly service but the wait was frustrating.,2026-02-15T03:30:03,23,sufficient_history,6.52,1.62,0.3,52.2,2.0,consistent_with_reviewer_history,point_in_time,False,available,mixed,,,,,1,2,professionalism;wait time,professionalism;wait time,"The score is consistent with this reviewer's established scoring pattern (mean 6.52, std 1.62, z=0.30, percentile 52). The written feedback was classified as mixed; sentiment was not used to determine the anomaly."
r_harsh,james,6,Everything was handled correctly. Thank you.,2026-01-19T14:19:22,19,sufficient_history,4.63,1.21,1.13,68.4,2.0,consistent_with_reviewer_history,point_in_time,False,available,neutral,,,,,0,0,,,"The score is consistent with this reviewer's established scoring pattern (mean 4.63, std 1.21, z=1.13, percentile 68). The written feedback was classified as neutral; sentiment was not used to determine the anomaly."
r_avg,maria,9,She was courteous and made the whole process easy.,2026-02-28T20:34:08,32,sufficient_history,6.69,1.55,1.49,90.6,2.0,consistent_with_reviewer_history,point_in_time,False,available,positive,,,,,2,0,professionalism,,"The score is consistent with this reviewer's established scoring pattern (mean 6.69, std 1.55, z=1.49, percentile 91). The written feedback was classified as positive; sentiment was not used to determine the anomaly."
r_harsh,james,6,"Maria was friendly, patient, and knowledgeable.",2026-01-10T21:26:50,11,sufficient_history,4.73,1.27,1.0,63.6,2.0,consistent_with_reviewer_history,point_in_time,False,available,strongly_positive,,,,,3,0,knowledge;professionalism,,"The score is consistent with this reviewer's established scoring pattern (mean 4.73, std 1.27, z=1.00, percentile 64). The written feedback was classified as strongly_positive; sentiment was not used to determine the anomaly."
r_harsh,maria,4,"He was polite, but I had to wait too long and my issue was not resolved.",2026-03-10T17:48:09,49,sufficient_history,4.67,1.13,-0.6,22.4,2.0,consistent_with_reviewer_history,point_in_time,False,available,mixed,,,,,2,3,professionalism;resolution;wait time,professionalism;resolution;wait time,"The score is consistent with this reviewer's established scoring pattern (mean 4.67, std 1.13, z=-0.60, percentile 22). The written feedback was classified as mixed; sentiment was not used to determine the anomaly."
r_harsh,james,3,Awful. I was ignored and my problem remains unresolved.,2026-01-06T01:22:05,2,insufficient_history,,,,,2.0,insufficient_history,point_in_time,False,available,negative,,,,,0,3,,resolution,Insufficient reviewer history (2 < 10): no calibration performed. No inference about this score.
r_avg,maria,8,"He was polite, but I had to wait too long and my issue was not resolved.",2026-01-24T05:28:59,16,sufficient_history,6.56,1.63,0.88,56.2,2.0,consistent_with_reviewer_history,point_in_time,False,available,mixed,,,,,2,3,professionalism;resolution;wait time,professionalism;resolution;wait time,"The score is consistent with this reviewer's established scoring pattern (mean 6.56, std 1.63, z=0.88, percentile 56). The written feedback was classified as mixed; sentiment was not used to determine the anomaly."
r_gen,maria,9,"Very professional, quick, and helpful.",2026-03-28T10:31:11,59,sufficient_history,9.46,0.5,-0.91,0.0,2.0,consistent_with_reviewer_history,point_in_time,False,available,strongly_positive,,,,,3,0,professionalism;responsiveness,,"The score is consistent with this reviewer's established scoring pattern (mean 9.46, std 0.50, z=-0.91, percentile 0). The written feedback was classified as strongly_positive; sentiment was not used to determine the anomaly."
r_same,alex,9,"Fantastic help, I was impressed with how thorough he was.",2026-03-01T12:00:00,10,zero_variance_baseline,9.0,0.0,,0.0,2.0,consistent_with_reviewer_history,point_in_time,False,available,strongly_positive,,,,,3,0,,,Reviewer has a constant historical pattern (all 10 prior scores = 9); this score matches it. z-score undefined (zero variance).
r_same,james,9,Everything was handled correctly. Thank you.,2026-01-16T02:03:00,5,insufficient_history,,,,,2.0,insufficient_history,point_in_time,False,available,neutral,,,,,0,0,,,Insufficient reviewer history (5 < 10): no calibration performed. No inference about this score.
r_harsh,maria,5,Visited the branch on Tuesday.,2026-02-02T02:47:58,25,sufficient_history,4.56,1.19,0.37,44.0,2.0,consistent_with_reviewer_history,point_in_time,False,available,neutral,,,,,0,0,,,"The score is consistent with this reviewer's established scoring pattern (mean 4.56, std 1.19, z=0.37, percentile 44). The written feedback was classified as neutral; sentiment was not used to determine the anomaly."
r_avg,alex,8,"Fantastic help, I was impressed with how thorough he was.",2026-01-22T07:17:22,14,sufficient_history,6.57,1.65,0.87,57.1,2.0,consistent_with_reviewer_history,point_in_time,False,available,strongly_positive,,,,,3,0,,,"The score is consistent with this reviewer's established scoring pattern (mean 6.57, std 1.65, z=0.87, percentile 57). The written feedback was classified as strongly_positive; sentiment was not used to determine the anomaly."
r_planted,maria,10,James resolved my issue quickly and explained everything clearly.,2026-01-29T13:40:53,10,sufficient_history,9.5,0.53,0.95,50.0,2.0,consistent_with_reviewer_history,point_in_time,False,available,positive,,,,,1,0,knowledge;resolution;responsiveness,,"The score is consistent with this reviewer's established scoring pattern (mean 9.50, std 0.53, z=0.95, percentile 50). The written feedback was classified as positive; sentiment was not used to determine the anomaly."
r_gen,maria,10,"Maria was friendly, patient, and knowledgeable.",2026-03-07T00:34:28,45,sufficient_history,9.47,0.5,1.06,53.3,2.0,consistent_with_reviewer_history,point_in_time,False,available,strongly_positive,,,,,3,0,knowledge;professionalism,,"The score is consistent with this reviewer's established scoring pattern (mean 9.47, std 0.50, z=1.06, percentile 53). The written feedback was classified as strongly_positive; sentiment was not used to determine the anomaly."
r_harsh,maria,5,Visited the branch on Tuesday.,2026-02-21T13:08:15,36,sufficient_history,4.61,1.15,0.34,41.7,2.0,consistent_with_reviewer_history,point_in_time,False,available,neutral,,,,,0,0,,,"The score is consistent with this reviewer's established scoring pattern (mean 4.61, std 1.15, z=0.34, percentile 42). The written feedback was classified as neutral; sentiment was not used to determine the anomaly."
r_cons,james,7,"Maria was friendly, patient, and knowledgeable.",2026-01-16T20:45:19,9,insufficient_history,,,,,2.0,insufficient_history,point_in_time,False,available,strongly_positive,,,,,3,0,knowledge;professionalism,,Insufficient reviewer history (9 < 10): no calibration performed. No inference about this score.
r_avg,maria,7,Friendly service but the wait was frustrating.,2026-02-22T16:22:32,27,sufficient_history,6.56,1.65,0.27,48.1,2.0,consistent_with_reviewer_history,point_in_time,False,available,mixed,,,,,1,2,professionalism;wait time,professionalism;wait time,"The score is consistent with this reviewer's established scoring pattern (mean 6.56, std 1.65, z=0.27, percentile 48). The written feedback was classified as mixed; sentiment was not used to determine the anomaly."
r_gen,alex,10,Alex was great and answered all my questions.,2026-02-02T09:14:35,28,sufficient_history,9.46,0.51,1.05,53.6,2.0,consistent_with_reviewer_history,point_in_time,False,available,positive,,,,,2,0,knowledge,,"The score is consistent with this reviewer's established scoring pattern (mean 9.46, std 0.51, z=1.05, percentile 54). The written feedback was classified as positive; sentiment was not used to determine the anomaly."
r_avg,james,8,Alex was great and answered all my questions.,2026-01-09T03:36:42,6,insufficient_history,,,,,2.0,insufficient_history,point_in_time,False,available,positive,,,,,2,0,knowledge,,Insufficient reviewer history (6 < 10): no calibration performed. No inference about this score.
r_avg,james,5,"Professional and courteous, but I waited a long time to be seen.",2026-03-16T08:28:30,48,sufficient_history,6.62,1.52,-1.07,10.4,2.0,consistent_with_reviewer_history,point_in_time,False,available,mixed,,,,,2,2,professionalism;wait time,professionalism;wait time,"The score is consistent with this reviewer's established scoring pattern (mean 6.62, std 1.52, z=-1.07, percentile 10). The written feedback was classified as mixed; sentiment was not used to determine the anomaly."
r_gen,james,9,"He was polite, but I had to wait too long and my issue was not resolved.",2026-01-30T03:02:37,26,sufficient_history,9.46,0.51,-0.91,0.0,2.0,consistent_with_reviewer_history,point_in_time,False,available,mixed,,,,,2,3,professionalism;resolution;wait time,professionalism;resolution;wait time,"The score is consistent with this reviewer's established scoring pattern (mean 9.46, std 0.51, z=-0.91, percentile 0). The written feedback was classified as mixed; sentiment was not used to determine the anomaly."
r_gen,alex,10,James resolved my issue quickly and explained everything clearly.,2026-02-14T22:00:05,35,sufficient_history,9.49,0.51,1.01,51.4,2.0,consistent_with_reviewer_history,point_in_time,False,available,positive,,,,,1,0,knowledge;resolution;responsiveness,,"The score is consistent with this reviewer's established scoring pattern (mean 9.49, std 0.51, z=1.01, percentile 51). The written feedback was classified as positive; sentiment was not used to determine the anomaly."
r_harsh,james,5,Called about my account balance.,2026-03-10T16:08:54,48,sufficient_history,4.67,1.14,0.29,39.6,2.0,consistent_with_reviewer_history,point_in_time,False,available,neutral,,,,,0,0,,,"The score is consistent with this reviewer's established scoring pattern (mean 4.67, std 1.14, z=0.29, percentile 40). The written feedback was classified as neutral; sentiment was not used to determine the anomaly."
r_avg,maria,8,"He was polite, but I had to wait too long and my issue was not resolved.",2026-03-23T21:52:22,52,sufficient_history,6.6,1.56,0.9,67.3,2.0,consistent_with_reviewer_history,point_in_time,False,available,mixed,,,,,2,3,professionalism;resolution;wait time,professionalism;resolution;wait time,"The score is consistent with this reviewer's established scoring pattern (mean 6.60, std 1.56, z=0.90, percentile 67). The written feedback was classified as mixed; sentiment was not used to determine the anomaly."
r_cons,james,7,"Very professional, quick, and helpful.",2026-03-01T03:22:41,42,sufficient_history,7.02,0.72,-0.03,23.8,2.0,consistent_with_reviewer_history,point_in_time,False,available,strongly_positive,,,,,3,0,professionalism;responsiveness,,"The score is consistent with this reviewer's established scoring pattern (mean 7.02, std 0.72, z=-0.03, percentile 24). The written feedback was classified as strongly_positive; sentiment was not used to determine the anomaly."
r_cons,james,6,"He was polite, but I had to wait too long and my issue was not resolved.",2026-02-18T14:27:00,29,sufficient_history,7.07,0.7,-1.52,0.0,2.0,consistent_with_reviewer_history,point_in_time,False,available,mixed,,,,,2,3,professionalism;resolution;wait time,professionalism;resolution;wait time,"The score is consistent with this reviewer's established scoring pattern (mean 7.07, std 0.70, z=-1.52, percentile 0). The written feedback was classified as mixed; sentiment was not used to determine the anomaly."
r_planted,maria,9,"Wonderful experience, he was helpful and friendly throughout.",2026-01-10T14:28:33,4,insufficient_history,,,,,2.0,insufficient_history,point_in_time,False,available,strongly_positive,,,,,3,0,professionalism,,Insufficient reviewer history (4 < 10): no calibration performed. No inference about this score.
r_avg,maria,7,Alex was great and answered all my questions.,2026-01-21T01:57:32,11,sufficient_history,7.0,1.41,0.0,45.5,2.0,consistent_with_reviewer_history,point_in_time,False,available,positive,,,,,2,0,knowledge,,"The score is consistent with this reviewer's established scoring pattern (mean 7.00, std 1.41, z=0.00, percentile 45). The written feedback was classified as positive; sentiment was not used to determine the anomaly."
r_harsh,maria,4,Friendly service but the wait was frustrating.,2026-03-14T03:02:18,51,sufficient_history,4.65,1.11,-0.58,21.6,2.0,consistent_with_reviewer_history,point_in_time,False,available,mixed,,,,,1,2,professionalism;wait time,professionalism;wait time,"The score is consistent with this reviewer's established scoring pattern (mean 4.65, std 1.11, z=-0.58, percentile 22). The written feedback was classified as mixed; sentiment was not used to determine the anomaly."
r_harsh,alex,5,I still cannot access my account and nobody called me back.,2026-03-19T11:05:02,55,sufficient_history,4.65,1.09,0.32,41.8,2.0,consistent_with_reviewer_history,point_in_time,False,available,negative,,,,,0,2,,resolution;responsiveness,"The score is consistent with this reviewer's established scoring pattern (mean 4.65, std 1.09, z=0.32, percentile 42). The written feedback was classified as negative; sentiment was not used to determine the anomaly."
r_gen,maria,9,James resolved my issue quickly and explained everything clearly.,2026-03-18T03:01:00,52,sufficient_history,9.46,0.5,-0.92,0.0,2.0,consistent_with_reviewer_history,point_in_time,False,available,positive,,,,,1,0,knowledge;resolution;responsiveness,,"The score is consistent with this reviewer's established scoring pattern (mean 9.46, std 0.50, z=-0.92, percentile 0). The written feedback was classified as positive; sentiment was not used to determine the anomaly."
r_cons,alex,6,"She was helpful, though the process was confusing at first.",2026-02-03T00:50:28,19,sufficient_history,6.95,0.71,-1.34,0.0,2.0,consistent_with_reviewer_history,point_in_time,False,available,mixed,,,,,1,1,knowledge,knowledge,"The score is consistent with this reviewer's established scoring pattern (mean 6.95, std 0.71, z=-1.34, percentile 0). The written feedback was classified as mixed; sentiment was not used to determine the anomaly."
r_thresh,alex,9,She was courteous and made the whole process easy.,2026-01-01T10:00:00,0,insufficient_history,,,,,2.0,insufficient_history,point_in_time,False,available,positive,,,,,2,0,professionalism,,Insufficient reviewer history (0 < 10): no calibration performed. No inference about this score.
r_zerovar,alex,9,"Wonderful experience, he was helpful and friendly throughout.",2026-01-29T12:02:52,9,insufficient_history,,,,,2.0,insufficient_history,point_in_time,False,available,strongly_positive,,,,,3,0,professionalism,,Insufficient reviewer history (9 < 10): no calibration performed. No inference about this score.
r_harsh,james,6,"He was polite, but I had to wait too long and my issue was not resolved.",2026-01-10T18:14:34,10,sufficient_history,4.6,1.26,1.11,70.0,2.0,consistent_with_reviewer_history,point_in_time,False,available,mixed,,,,,2,3,professionalism;resolution;wait time,professionalism;resolution;wait time,"The score is consistent with this reviewer's established scoring pattern (mean 4.60, std 1.26, z=1.11, percentile 70). The written feedback was classified as mixed; sentiment was not used to determine the anomaly."
r_cons,james,7,"He was polite, but I had to wait too long and my issue was not resolved.",2026-02-08T17:43:09,22,sufficient_history,6.95,0.72,0.06,27.3,2.0,consistent_with_reviewer_history,point_in_time,False,available,mixed,,,,,2,3,professionalism;resolution;wait time,professionalism;resolution;wait time,"The score is consistent with this reviewer's established scoring pattern (mean 6.95, std 0.72, z=0.06, percentile 27). The written feedback was classified as mixed; sentiment was not used to determine the anomaly."
r_avg,maria,8,"Fantastic help, I was impressed with how thorough he was.",2026-01-01T13:44:19,0,insufficient_history,,,,,2.0,insufficient_history,point_in_time,False,available,strongly_positive,,,,,3,0,,,Insufficient reviewer history (0 < 10): no calibration performed. No inference about this score.
r_zerovar,maria,9,"Fantastic help, I was impressed with how thorough he was.",2026-01-04T21:43:17,0,insufficient_history,,,,,2.0,insufficient_history,point_in_time,False,available,strongly_positive,,,,,3,0,,,Insufficient reviewer history (0 < 10): no calibration performed. No inference about this score.
r_gen,alex,9,She was courteous and made the whole process easy.,2026-03-12T16:51:38,49,sufficient_history,9.49,0.51,-0.97,0.0,2.0,consistent_with_reviewer_history,point_in_time,False,available,positive,,,,,2,0,professionalism,,"The score is consistent with this reviewer's established scoring pattern (mean 9.49, std 0.51, z=-0.97, percentile 0). The written feedback was classified as positive; sentiment was not used to determine the anomaly."
r_cons,maria,7,"Maria was friendly, patient, and knowledgeable.",2026-03-07T01:37:16,44,sufficient_history,7.05,0.71,-0.06,22.7,2.0,consistent_with_reviewer_history,point_in_time,False,available,strongly_positive,,,,,3,0,knowledge;professionalism,,"The score is consistent with this reviewer's established scoring pattern (mean 7.05, std 0.71, z=-0.06, percentile 23). The written feedback was classified as strongly_positive; sentiment was not used to determine the anomaly."
r_zerovar,james,9,"Wonderful experience, he was helpful and friendly throughout.",2026-01-15T00:15:20,2,insufficient_history,,,,,2.0,insufficient_history,point_in_time,False,available,strongly_positive,,,,,3,0,professionalism,,Insufficient reviewer history (2 < 10): no calibration performed. No inference about this score.
r_gen,james,9,"Excellent service, very professional and efficient.",2026-01-06T13:12:17,3,insufficient_history,,,,,2.0,insufficient_history,point_in_time,False,available,strongly_positive,,,,,3,0,professionalism;responsiveness,,Insufficient reviewer history (3 < 10): no calibration performed. No inference about this score.
r_harsh,maria,6,Friendly service but the wait was frustrating.,2026-01-07T16:40:51,4,insufficient_history,,,,,2.0,insufficient_history,point_in_time,False,available,mixed,,,,,1,2,professionalism;wait time,professionalism;wait time,Insufficient reviewer history (4 < 10): no calibration performed. No inference about this score.
r_harsh,james,5,Spoke with a representative about a form.,2026-03-20T05:00:58,56,sufficient_history,4.66,1.08,0.31,41.1,2.0,consistent_with_reviewer_history,point_in_time,False,available,neutral,,,,,0,0,,,"The score is consistent with this reviewer's established scoring pattern (mean 4.66, std 1.08, z=0.31, percentile 41). The written feedback was classified as neutral; sentiment was not used to determine the anomaly."
r_planted,alex,9,"Maria was friendly, patient, and knowledgeable.",2026-01-13T20:20:06,6,insufficient_history,,,,,2.0,insufficient_history,point_in_time,False,available,strongly_positive,,,,,3,0,knowledge;professionalism,,Insufficient reviewer history (6 < 10): no calibration performed. No inference about this score.
r_avg,alex,6,"He was polite, but I had to wait too long and my issue was not resolved.",2026-02-02T14:34:53,19,sufficient_history,6.63,1.54,-0.41,26.3,2.0,consistent_with_reviewer_history,point_in_time,False,available,mixed,,,,,2,3,professionalism;resolution;wait time,professionalism;resolution;wait time,"The score is consistent with this reviewer's established scoring pattern (mean 6.63, std 1.54, z=-0.41, percentile 26). The written feedback was classified as mixed; sentiment was not used to determine the anomaly."
r_cons,alex,8,"He was polite, but I had to wait too long and my issue was not resolved.",2026-02-01T11:38:00,18,sufficient_history,6.89,0.68,1.64,83.3,2.0,consistent_with_reviewer_history,point_in_time,False,available,mixed,,,,,2,3,professionalism;resolution;wait time,professionalism;resolution;wait time,"The score is consistent with this reviewer's established scoring pattern (mean 6.89, std 0.68, z=1.64, percentile 83). The written feedback was classified as mixed; sentiment was not used to determine the anomaly."
r_harsh,maria,5,"Professional and courteous, but I waited a long time to be seen.",2026-03-27T11:17:39,58,sufficient_history,4.69,1.08,0.29,39.7,2.0,consistent_with_reviewer_history,point_in_time,False,available,mixed,,,,,2,2,professionalism;wait time,professionalism;wait time,"The score is consistent with this reviewer's established scoring pattern (mean 4.69, std 1.08, z=0.29, percentile 40). The written feedback was classified as mixed; sentiment was not used to determine the anomaly."
r_gen,maria,9,"Excellent service, very professional and efficient.",2026-03-04T06:45:38,43,sufficient_history,9.49,0.51,-0.97,0.0,2.0,consistent_with_reviewer_history,point_in_time,False,available,strongly_positive,,,,,3,0,professionalism;responsiveness,,"The score is consistent with this reviewer's established scoring pattern (mean 9.49, std 0.51, z=-0.97, percentile 0). The written feedback was classified as strongly_positive; sentiment was not used to determine the anomaly."
r_same,james,9,Everything was handled correctly. Thank you.,2026-03-01T12:00:00,10,zero_variance_baseline,9.0,0.0,,0.0,2.0,consistent_with_reviewer_history,point_in_time,False,available,neutral,,,,,0,0,,,Reviewer has a constant historical pattern (all 10 prior scores = 9); this score matches it. z-score undefined (zero variance).
r_avg,alex,6,"He was polite, but I had to wait too long and my issue was not resolved.",2026-01-04T17:08:44,2,insufficient_history,,,,,2.0,insufficient_history,point_in_time,False,available,mixed,,,,,2,3,professionalism;resolution;wait time,professionalism;resolution;wait time,Insufficient reviewer history (2 < 10): no calibration performed. No inference about this score.
r_gen,james,9,"Quick, clear answers. Very satisfied with the support.",2026-01-16T02:13:11,11,sufficient_history,9.36,0.5,-0.72,0.0,2.0,consistent_with_reviewer_history,point_in_time,False,available,strongly_positive,,,,,3,0,knowledge;responsiveness,,"The score is consistent with this reviewer's established scoring pattern (mean 9.36, std 0.50, z=-0.72, percentile 0). The written feedback was classified as strongly_positive; sentiment was not used to determine the anomaly."
r_avg,alex,5,"Terrible experience, rude and completely unhelpful.",2026-03-09T09:01:12,42,sufficient_history,6.57,1.55,-1.01,11.9,2.0,consistent_with_reviewer_history,point_in_time,False,available,negative,,,,,0,2,,professionalism,"The score is consistent with this reviewer's established scoring pattern (mean 6.57, std 1.55, z=-1.01, percentile 12). The written feedback was classified as negative; sentiment was not used to determine the anomaly."
r_harsh,maria,3,Nobody called me back and the issue is still broken.,2026-01-12T01:50:32,13,sufficient_history,4.77,1.24,-1.43,0.0,2.0,consistent_with_reviewer_history,point_in_time,False,available,negative,,,,,0,2,,resolution;responsiveness,"The score is consistent with this reviewer's established scoring pattern (mean 4.77, std 1.24, z=-1.43, percentile 0). The written feedback was classified as negative; sentiment was not used to determine the anomaly."
r_harsh,maria,5,Quick to answer but my problem is still unresolved.,2026-01-08T09:05:04,6,insufficient_history,,,,,2.0,insufficient_history,point_in_time,False,available,mixed,,,,,1,1,resolution;responsiveness,resolution;responsiveness,Insufficient reviewer history (6 < 10): no calibration performed. No inference about this score.
r_new,james,8,"Quick, clear answers. Very satisfied with the support.",2026-02-14T20:28:58,0,insufficient_history,,,,,2.0,insufficient_history,point_in_time,False,available,strongly_positive,,,,,3,0,knowledge;responsiveness,,Insufficient reviewer history (0 < 10): no calibration performed. No inference about this score.
r_thresh,alex,9,"Quick, clear answers. Very satisfied with the support.",2026-01-04T10:00:00,3,insufficient_history,,,,,2.0,insufficient_history,point_in_time,False,available,strongly_positive,,,,,3,0,knowledge;responsiveness,,Insufficient reviewer history (3 < 10): no calibration performed. No inference about this score.
r_avg,maria,6,"She was helpful, though the process was confusing at first.",2026-03-24T20:40:40,55,sufficient_history,6.55,1.58,-0.34,30.9,2.0,consistent_with_reviewer_history,point_in_time,False,available,mixed,,,,,1,1,knowledge,knowledge,"The score is consistent with this reviewer's established scoring pattern (mean 6.55, std 1.58, z=-0.34, percentile 31). The written feedback was classified as mixed; sentiment was not used to determine the anomaly."
r_avg,alex,8,She was courteous and made the whole process easy.,2026-02-27T11:12:36,31,sufficient_history,6.65,1.56,0.87,64.5,2.0,consistent_with_reviewer_history,point_in_time,False,available,positive,,,,,2,0,professionalism,,"The score is consistent with this reviewer's established scoring pattern (mean 6.65, std 1.56, z=0.87, percentile 65). The written feedback was classified as positive; sentiment was not used to determine the anomaly."
r_planted,james,10,"Fantastic help, I was impressed with how thorough he was.",2026-01-04T10:55:49,1,insufficient_history,,,,,2.0,insufficient_history,point_in_time,False,available,strongly_positive,,,,,3,0,,,Insufficient reviewer history (1 < 10): no calibration performed. No inference about this score.
r_zerovar_ok,maria,9,"Very professional, quick, and helpful.",2026-03-17T00:10:01,8,insufficient_history,,,,,2.0,insufficient_history,point_in_time,False,available,strongly_positive,,,,,3,0,professionalism;responsiveness,,Insufficient reviewer history (8 < 10): no calibration performed. No inference about this score.
r_harsh,alex,6,"He was polite, but I had to wait too long and my issue was not resolved.",2026-01-05T10:03:33,1,insufficient_history,,,,,2.0,insufficient_history,point_in_time,False,available,mixed,,,,,2,3,professionalism;resolution;wait time,professionalism;resolution;wait time,Insufficient reviewer history (1 < 10): no calibration performed. No inference about this score.
r_gen,alex,9,"Wonderful experience, he was helpful and friendly throughout.",2026-03-13T10:23:30,50,sufficient_history,9.48,0.5,-0.95,0.0,2.0,consistent_with_reviewer_history,point_in_time,False,available,strongly_positive,,,,,3,0,professionalism,,"The score is consistent with this reviewer's established scoring pattern (mean 9.48, std 0.50, z=-0.95, percentile 0). The written feedback was classified as strongly_positive; sentiment was not used to determine the anomaly."
r_planted,maria,9,Everything was handled correctly. Thank you.,2026-01-04T11:11:54,2,insufficient_history,,,,,2.0,insufficient_history,point_in_time,False,available,neutral,,,,,0,0,,,Insufficient reviewer history (2 < 10): no calibration performed. No inference about this score.
r_avg,james,4,Quick to answer but my problem is still unresolved.,2026-03-24T08:46:01,53,sufficient_history,6.62,1.56,-1.68,0.0,2.0,consistent_with_reviewer_history,point_in_time,False,available,mixed,,,,,1,1,resolution;responsiveness,resolution;responsiveness,"The score is consistent with this reviewer's established scoring pattern (mean 6.62, std 1.56, z=-1.68, percentile 0). The written feedback was classified as mixed; sentiment was not used to determine the anomaly."
r_avg,alex,5,"He was polite, but I had to wait too long and my issue was not resolved.",2026-01-05T11:41:08,4,insufficient_history,,,,,2.0,insufficient_history,point_in_time,False,available,mixed,,,,,2,3,professionalism;resolution;wait time,professionalism;resolution;wait time,Insufficient reviewer history (4 < 10): no calibration performed. No inference about this score.
r_cons,alex,7,"Very professional, quick, and helpful.",2026-03-07T16:49:26,45,sufficient_history,7.04,0.71,-0.06,22.2,2.0,consistent_with_reviewer_history,point_in_time,False,available,strongly_positive,,,,,3,0,professionalism;responsiveness,,"The score is consistent with this reviewer's established scoring pattern (mean 7.04, std 0.71, z=-0.06, percentile 22). The written feedback was classified as strongly_positive; sentiment was not used to determine the anomaly."
r_avg,maria,8,She was courteous and made the whole process easy.,2026-02-23T04:47:10,28,sufficient_history,6.57,1.62,0.88,64.3,2.0,consistent_with_reviewer_history,point_in_time,False,available,positive,,,,,2,0,professionalism,,"The score is consistent with this reviewer's established scoring pattern (mean 6.57, std 1.62, z=0.88, percentile 64). The written feedback was classified as positive; sentiment was not used to determine the anomaly."
r_zerovar,james,9,"Excellent service, very professional and efficient.",2026-01-30T07:22:38,10,zero_variance_baseline,9.0,0.0,,0.0,2.0,consistent_with_reviewer_history,point_in_time,False,available,strongly_positive,,,,,3,0,professionalism;responsiveness,,Reviewer has a constant historical pattern (all 10 prior scores = 9); this score matches it. z-score undefined (zero variance).
r_avg,maria,7,"She was helpful, though the process was confusing at first.",2026-03-12T07:27:53,45,sufficient_history,6.58,1.56,0.27,46.7,2.0,consistent_with_reviewer_history,point_in_time,False,available,mixed,,,,,1,1,knowledge,knowledge,"The score is consistent with this reviewer's established scoring pattern (mean 6.58, std 1.56, z=0.27, percentile 47). The written feedback was classified as mixed; sentiment was not used to determine the anomaly."
r_harsh,james,3,"Terrible experience, rude and completely unhelpful.",2026-01-09T07:29:33,8,insufficient_history,,,,,2.0,insufficient_history,point_in_time,False,available,negative,,,,,0,2,,professionalism,Insufficient reviewer history (8 < 10): no calibration performed. No inference about this score.
r_avg,maria,4,Visited the branch on Tuesday.,2026-03-06T10:53:29,38,sufficient_history,6.74,1.52,-1.8,0.0,2.0,consistent_with_reviewer_history,point_in_time,False,available,neutral,,,,,0,0,,,"The score is consistent with this reviewer's established scoring pattern (mean 6.74, std 1.52, z=-1.80, percentile 0). The written feedback was classified as neutral; sentiment was not used to determine the anomaly."
r_cons,james,7,Alex was great and answered all my questions.,2026-03-08T01:10:30,46,sufficient_history,7.04,0.7,-0.06,21.7,2.0,consistent_with_reviewer_history,point_in_time,False,available,positive,,,,,2,0,knowledge,,"The score is consistent with this reviewer's established scoring pattern (mean 7.04, std 0.70, z=-0.06, percentile 22). The written feedback was classified as positive; sentiment was not used to determine the anomaly."
r_gen,alex,9,"He was polite, but I had to wait too long and my issue was not resolved.",2026-02-22T11:39:40,39,sufficient_history,9.49,0.51,-0.96,0.0,2.0,consistent_with_reviewer_history,point_in_time,False,available,mixed,,,,,2,3,professionalism;resolution;wait time,professionalism;resolution;wait time,"The score is consistent with this reviewer's established scoring pattern (mean 9.49, std 0.51, z=-0.96, percentile 0). The written feedback was classified as mixed; sentiment was not used to determine the anomaly."
r_zerovar,maria,9,Alex was great and answered all my questions.,2026-01-05T10:24:12,1,insufficient_history,,,,,2.0,insufficient_history,point_in_time,False,available,positive,,,,,2,0,knowledge,,Insufficient reviewer history (1 < 10): no calibration performed. No inference about this score.
r_gen,maria,10,"Wonderful experience, he was helpful and friendly throughout.",2026-01-21T10:48:09,17,sufficient_history,9.35,0.49,1.31,64.7,2.0,consistent_with_reviewer_history,point_in_time,False,available,strongly_positive,,,,,3,0,professionalism,,"The score is consistent with this reviewer's established scoring pattern (mean 9.35, std 0.49, z=1.31, percentile 65). The written feedback was classified as strongly_positive; sentiment was not used to determine the anomaly."
r_harsh,james,3,I still cannot access my account and nobody called me back.,2026-02-03T17:02:36,27,sufficient_history,4.63,1.18,-1.38,0.0,2.0,consistent_with_reviewer_history,point_in_time,False,available,negative,,,,,0,2,,resolution;responsiveness,"The score is consistent with this reviewer's established scoring pattern (mean 4.63, std 1.18, z=-1.38, percentile 0). The written feedback was classified as negative; sentiment was not used to determine the anomaly."
